<?xml version="1.0" encoding="UTF-8"?>
<mesh>
    <sharedgeometry vertexcount="88">
        <vertexbuffer texture_coords="2" positions="true" colours_diffuse="False" normals="true">
            <vertex>
                <position y="-0.569604" x="1.000000" z="-0.803467"/>
                <normal y="-1.000000" x="0.000000" z="-0.000000"/>
                <texcoord u="0.977975" v="0.014957"/>
                <texcoord u="1.379518" v="-0.006096"/>
            </vertex>
            <vertex>
                <position y="-0.569604" x="0.367966" z="0.880313"/>
                <normal y="-1.000000" x="0.000000" z="-0.000000"/>
                <texcoord u="0.853634" v="0.401498"/>
                <texcoord u="0.123133" v="1.184041"/>
            </vertex>
            <vertex>
                <position y="-0.569604" x="0.367966" z="0.576246"/>
                <normal y="-1.000000" x="0.000000" z="-0.000000"/>
                <texcoord u="0.853634" v="0.331694"/>
                <texcoord u="0.123133" v="0.969119"/>
            </vertex>
            <vertex>
                <position y="-0.569604" x="-0.367966" z="0.576246"/>
                <normal y="-1.000000" x="0.000000" z="-0.000000"/>
                <texcoord u="0.853634" v="0.331694"/>
                <texcoord u="0.123133" v="0.969119"/>
            </vertex>
            <vertex>
                <position y="-0.569604" x="-0.367966" z="0.880313"/>
                <normal y="-1.000000" x="0.000000" z="-0.000000"/>
                <texcoord u="0.853634" v="0.401498"/>
                <texcoord u="0.123133" v="1.184041"/>
            </vertex>
            <vertex>
                <position y="-0.569604" x="-1.000000" z="-0.803467"/>
                <normal y="-1.000000" x="0.000000" z="-0.000000"/>
                <texcoord u="0.977975" v="0.014957"/>
                <texcoord u="1.379518" v="-0.006096"/>
            </vertex>
            <vertex>
                <position y="-0.569604" x="0.354171" z="0.296017"/>
                <normal y="-1.000000" x="0.000000" z="-0.000000"/>
                <texcoord u="0.853531" v="0.267362"/>
                <texcoord u="0.122093" v="0.771046"/>
            </vertex>
            <vertex>
                <position y="-0.569604" x="0.316798" z="0.050393"/>
                <normal y="-1.000000" x="0.000000" z="-0.000000"/>
                <texcoord u="0.846330" v="0.210975"/>
                <texcoord u="0.049329" v="0.597433"/>
            </vertex>
            <vertex>
                <position y="-0.569604" x="-0.316798" z="0.050393"/>
                <normal y="-1.000000" x="0.000000" z="-0.000000"/>
                <texcoord u="0.846330" v="0.210975"/>
                <texcoord u="0.049329" v="0.597433"/>
            </vertex>
            <vertex>
                <position y="-0.569604" x="-0.354171" z="0.296017"/>
                <normal y="-1.000000" x="0.000000" z="-0.000000"/>
                <texcoord u="0.853531" v="0.267362"/>
                <texcoord u="0.122093" v="0.771046"/>
            </vertex>
            <vertex>
                <position y="-0.569604" x="0.257742" z="-0.151183"/>
                <normal y="-1.000000" x="0.000000" z="-0.000000"/>
                <texcoord u="0.834950" v="0.164700"/>
                <texcoord u="-0.065654" v="0.454954"/>
            </vertex>
            <vertex>
                <position y="-0.569604" x="0.181647" z="-0.300969"/>
                <normal y="-1.000000" x="0.000000" z="-0.000000"/>
                <texcoord u="0.820288" v="0.130314"/>
                <texcoord u="-0.213810" v="0.349082"/>
            </vertex>
            <vertex>
                <position y="-0.569604" x="-0.181647" z="-0.300969"/>
                <normal y="-1.000000" x="0.000000" z="-0.000000"/>
                <texcoord u="0.820288" v="0.130314"/>
                <texcoord u="-0.213810" v="0.349082"/>
            </vertex>
            <vertex>
                <position y="-0.569604" x="-0.257742" z="-0.151183"/>
                <normal y="-1.000000" x="0.000000" z="-0.000000"/>
                <texcoord u="0.834950" v="0.164700"/>
                <texcoord u="-0.065654" v="0.454954"/>
            </vertex>
            <vertex>
                <position y="-0.569604" x="1.000000" z="-0.803467"/>
                <normal y="-1.000000" x="0.000000" z="-0.000000"/>
                <texcoord u="0.977975" v="0.014957"/>
                <texcoord u="1.379518" v="-0.006096"/>
            </vertex>
            <vertex>
                <position y="-0.569604" x="0.181647" z="-0.300969"/>
                <normal y="-1.000000" x="0.000000" z="-0.000000"/>
                <texcoord u="0.820288" v="0.130314"/>
                <texcoord u="-0.213810" v="0.349082"/>
            </vertex>
            <vertex>
                <position y="-0.569604" x="0.093816" z="-0.393207"/>
                <normal y="-1.000000" x="0.000000" z="-0.000000"/>
                <texcoord u="0.803364" v="0.109139"/>
                <texcoord u="-0.384816" v="0.283886"/>
            </vertex>
            <vertex>
                <position y="-0.569604" x="-0.093816" z="-0.393207"/>
                <normal y="-1.000000" x="0.000000" z="-0.000000"/>
                <texcoord u="0.803364" v="0.109139"/>
                <texcoord u="-0.384816" v="0.283886"/>
            </vertex>
            <vertex>
                <position y="-0.569604" x="-0.181647" z="-0.300969"/>
                <normal y="-1.000000" x="0.000000" z="-0.000000"/>
                <texcoord u="0.820288" v="0.130314"/>
                <texcoord u="-0.213810" v="0.349082"/>
            </vertex>
            <vertex>
                <position y="-0.569604" x="-1.000000" z="-0.803467"/>
                <normal y="-1.000000" x="0.000000" z="-0.000000"/>
                <texcoord u="0.977975" v="0.014957"/>
                <texcoord u="1.379518" v="-0.006096"/>
            </vertex>
            <vertex>
                <position y="-0.569604" x="1.000000" z="-0.803467"/>
                <normal y="-1.000000" x="-0.000000" z="-0.000000"/>
                <texcoord u="0.977975" v="0.014957"/>
                <texcoord u="1.379518" v="-0.006096"/>
            </vertex>
            <vertex>
                <position y="-0.569604" x="1.000001" z="1.196533"/>
                <normal y="-1.000000" x="-0.000000" z="-0.000000"/>
                <texcoord u="0.977975" v="0.474091"/>
                <texcoord u="1.379519" v="1.407553"/>
            </vertex>
            <vertex>
                <position y="-0.569604" x="0.367966" z="1.196532"/>
                <normal y="-1.000000" x="-0.000000" z="-0.000000"/>
                <texcoord u="0.853634" v="0.474091"/>
                <texcoord u="0.123133" v="1.407552"/>
            </vertex>
            <vertex>
                <position y="-0.569604" x="0.367966" z="0.880313"/>
                <normal y="-1.000000" x="-0.000000" z="-0.000000"/>
                <texcoord u="0.853634" v="0.401498"/>
                <texcoord u="0.123133" v="1.184041"/>
            </vertex>
            <vertex>
                <position y="-0.569604" x="-0.367966" z="1.196532"/>
                <normal y="-1.000000" x="0.000000" z="-0.000000"/>
                <texcoord u="0.853634" v="0.474091"/>
                <texcoord u="0.123133" v="1.407552"/>
            </vertex>
            <vertex>
                <position y="-0.569604" x="-1.000001" z="1.196533"/>
                <normal y="-1.000000" x="0.000000" z="-0.000000"/>
                <texcoord u="0.977975" v="0.474091"/>
                <texcoord u="1.379519" v="1.407553"/>
            </vertex>
            <vertex>
                <position y="-0.569604" x="-1.000000" z="-0.803467"/>
                <normal y="-1.000000" x="0.000000" z="-0.000000"/>
                <texcoord u="0.977975" v="0.014957"/>
                <texcoord u="1.379518" v="-0.006096"/>
            </vertex>
            <vertex>
                <position y="-0.569604" x="-0.367966" z="0.880313"/>
                <normal y="-1.000000" x="0.000000" z="-0.000000"/>
                <texcoord u="0.853634" v="0.401498"/>
                <texcoord u="0.123133" v="1.184041"/>
            </vertex>
            <vertex>
                <position y="-0.569604" x="0.000000" z="-0.424353"/>
                <normal y="-1.000000" x="0.000001" z="0.000001"/>
                <texcoord u="0.785286" v="0.101989"/>
                <texcoord u="-0.567474" v="0.261871"/>
            </vertex>
            <vertex>
                <position y="-0.569604" x="0.000000" z="-0.803467"/>
                <normal y="-1.000000" x="0.000001" z="0.000001"/>
                <texcoord u="0.785286" v="0.014957"/>
                <texcoord u="-0.567474" v="-0.006096"/>
            </vertex>
            <vertex>
                <position y="-0.569604" x="1.000000" z="-0.803467"/>
                <normal y="-1.000000" x="0.000001" z="0.000001"/>
                <texcoord u="0.977975" v="0.014957"/>
                <texcoord u="1.379518" v="-0.006096"/>
            </vertex>
            <vertex>
                <position y="-0.569604" x="0.093816" z="-0.393207"/>
                <normal y="-1.000000" x="0.000001" z="0.000001"/>
                <texcoord u="0.803364" v="0.109139"/>
                <texcoord u="-0.384816" v="0.283886"/>
            </vertex>
            <vertex>
                <position y="-0.569604" x="0.000000" z="-0.424353"/>
                <normal y="-1.000000" x="-0.000001" z="0.000001"/>
                <texcoord u="0.785286" v="0.101989"/>
                <texcoord u="-0.567474" v="0.261871"/>
            </vertex>
            <vertex>
                <position y="-0.569604" x="-0.093816" z="-0.393207"/>
                <normal y="-1.000000" x="-0.000001" z="0.000001"/>
                <texcoord u="0.803364" v="0.109139"/>
                <texcoord u="-0.384816" v="0.283886"/>
            </vertex>
            <vertex>
                <position y="-0.569604" x="-1.000000" z="-0.803467"/>
                <normal y="-1.000000" x="-0.000001" z="0.000001"/>
                <texcoord u="0.977975" v="0.014957"/>
                <texcoord u="1.379518" v="-0.006096"/>
            </vertex>
            <vertex>
                <position y="-0.569604" x="0.000000" z="-0.803467"/>
                <normal y="-1.000000" x="-0.000001" z="0.000001"/>
                <texcoord u="0.785286" v="0.014957"/>
                <texcoord u="-0.567474" v="-0.006096"/>
            </vertex>
            <vertex>
                <position y="0.569605" x="1.000000" z="-0.803467"/>
                <normal y="1.000000" x="-0.000000" z="-0.000000"/>
                <texcoord u="0.977975" v="0.014957"/>
                <texcoord u="1.379518" v="-0.006096"/>
            </vertex>
            <vertex>
                <position y="0.569605" x="0.367966" z="0.576247"/>
                <normal y="1.000000" x="-0.000000" z="-0.000000"/>
                <texcoord u="0.853634" v="0.331694"/>
                <texcoord u="0.123133" v="0.969119"/>
            </vertex>
            <vertex>
                <position y="0.569605" x="0.367966" z="0.880314"/>
                <normal y="1.000000" x="-0.000000" z="-0.000000"/>
                <texcoord u="0.853634" v="0.401498"/>
                <texcoord u="0.123133" v="1.184041"/>
            </vertex>
            <vertex>
                <position y="0.569605" x="-0.367966" z="0.880314"/>
                <normal y="1.000000" x="0.000000" z="-0.000000"/>
                <texcoord u="0.853634" v="0.401498"/>
                <texcoord u="0.123133" v="1.184041"/>
            </vertex>
            <vertex>
                <position y="0.569605" x="-0.367966" z="0.576247"/>
                <normal y="1.000000" x="0.000000" z="-0.000000"/>
                <texcoord u="0.853634" v="0.331694"/>
                <texcoord u="0.123133" v="0.969119"/>
            </vertex>
            <vertex>
                <position y="0.569605" x="-1.000000" z="-0.803467"/>
                <normal y="1.000000" x="0.000000" z="-0.000000"/>
                <texcoord u="0.977975" v="0.014957"/>
                <texcoord u="1.379518" v="-0.006096"/>
            </vertex>
            <vertex>
                <position y="0.569605" x="1.000000" z="-0.803467"/>
                <normal y="1.000000" x="0.000000" z="0.000000"/>
                <texcoord u="0.977975" v="0.014957"/>
                <texcoord u="1.379518" v="-0.006096"/>
            </vertex>
            <vertex>
                <position y="0.569605" x="0.316798" z="0.050394"/>
                <normal y="1.000000" x="0.000000" z="0.000000"/>
                <texcoord u="0.846330" v="0.210975"/>
                <texcoord u="0.049329" v="0.597433"/>
            </vertex>
            <vertex>
                <position y="0.569605" x="0.354171" z="0.296017"/>
                <normal y="1.000000" x="0.000000" z="0.000000"/>
                <texcoord u="0.853531" v="0.267362"/>
                <texcoord u="0.122093" v="0.771046"/>
            </vertex>
            <vertex>
                <position y="0.569605" x="-0.354171" z="0.296017"/>
                <normal y="1.000000" x="0.000000" z="-0.000000"/>
                <texcoord u="0.853531" v="0.267362"/>
                <texcoord u="0.122093" v="0.771046"/>
            </vertex>
            <vertex>
                <position y="0.569605" x="-0.316798" z="0.050394"/>
                <normal y="1.000000" x="0.000000" z="-0.000000"/>
                <texcoord u="0.846330" v="0.210975"/>
                <texcoord u="0.049329" v="0.597433"/>
            </vertex>
            <vertex>
                <position y="0.569605" x="-1.000000" z="-0.803467"/>
                <normal y="1.000000" x="0.000000" z="-0.000000"/>
                <texcoord u="0.977975" v="0.014957"/>
                <texcoord u="1.379518" v="-0.006096"/>
            </vertex>
            <vertex>
                <position y="0.569605" x="0.181647" z="-0.300969"/>
                <normal y="1.000000" x="0.000000" z="0.000000"/>
                <texcoord u="0.820288" v="0.130314"/>
                <texcoord u="-0.213810" v="0.349082"/>
            </vertex>
            <vertex>
                <position y="0.569605" x="0.257742" z="-0.151183"/>
                <normal y="1.000000" x="0.000000" z="0.000000"/>
                <texcoord u="0.834950" v="0.164700"/>
                <texcoord u="-0.065654" v="0.454954"/>
            </vertex>
            <vertex>
                <position y="0.569605" x="-0.257742" z="-0.151183"/>
                <normal y="1.000000" x="0.000000" z="-0.000000"/>
                <texcoord u="0.834950" v="0.164700"/>
                <texcoord u="-0.065654" v="0.454954"/>
            </vertex>
            <vertex>
                <position y="0.569605" x="-0.181647" z="-0.300969"/>
                <normal y="1.000000" x="0.000000" z="-0.000000"/>
                <texcoord u="0.820288" v="0.130314"/>
                <texcoord u="-0.213810" v="0.349082"/>
            </vertex>
            <vertex>
                <position y="0.569605" x="1.000000" z="-0.803467"/>
                <normal y="1.000000" x="0.000000" z="0.000000"/>
                <texcoord u="0.977975" v="0.014957"/>
                <texcoord u="1.379518" v="-0.006096"/>
            </vertex>
            <vertex>
                <position y="0.569605" x="0.093816" z="-0.393207"/>
                <normal y="1.000000" x="0.000000" z="0.000000"/>
                <texcoord u="0.803364" v="0.109139"/>
                <texcoord u="-0.384816" v="0.283886"/>
            </vertex>
            <vertex>
                <position y="0.569605" x="0.181647" z="-0.300969"/>
                <normal y="1.000000" x="0.000000" z="0.000000"/>
                <texcoord u="0.820288" v="0.130314"/>
                <texcoord u="-0.213810" v="0.349082"/>
            </vertex>
            <vertex>
                <position y="0.569605" x="-0.181647" z="-0.300969"/>
                <normal y="1.000000" x="0.000000" z="-0.000000"/>
                <texcoord u="0.820288" v="0.130314"/>
                <texcoord u="-0.213810" v="0.349082"/>
            </vertex>
            <vertex>
                <position y="0.569605" x="-0.093816" z="-0.393207"/>
                <normal y="1.000000" x="0.000000" z="-0.000000"/>
                <texcoord u="0.803364" v="0.109139"/>
                <texcoord u="-0.384816" v="0.283886"/>
            </vertex>
            <vertex>
                <position y="0.569605" x="-1.000000" z="-0.803467"/>
                <normal y="1.000000" x="0.000000" z="-0.000000"/>
                <texcoord u="0.977975" v="0.014957"/>
                <texcoord u="1.379518" v="-0.006096"/>
            </vertex>
            <vertex>
                <position y="0.569605" x="1.000000" z="-0.803467"/>
                <normal y="1.000000" x="0.000001" z="0.000000"/>
                <texcoord u="0.977975" v="0.014957"/>
                <texcoord u="1.379518" v="-0.006096"/>
            </vertex>
            <vertex>
                <position y="0.569605" x="0.354171" z="0.296017"/>
                <normal y="1.000000" x="0.000001" z="0.000000"/>
                <texcoord u="0.853531" v="0.267362"/>
                <texcoord u="0.122093" v="0.771046"/>
            </vertex>
            <vertex>
                <position y="0.569605" x="0.367966" z="0.576247"/>
                <normal y="1.000000" x="0.000001" z="0.000000"/>
                <texcoord u="0.853634" v="0.331694"/>
                <texcoord u="0.123133" v="0.969119"/>
            </vertex>
            <vertex>
                <position y="0.569605" x="-0.367966" z="0.576247"/>
                <normal y="1.000000" x="-0.000001" z="0.000000"/>
                <texcoord u="0.853634" v="0.331694"/>
                <texcoord u="0.123133" v="0.969119"/>
            </vertex>
            <vertex>
                <position y="0.569605" x="-0.354171" z="0.296017"/>
                <normal y="1.000000" x="-0.000001" z="0.000000"/>
                <texcoord u="0.853531" v="0.267362"/>
                <texcoord u="0.122093" v="0.771046"/>
            </vertex>
            <vertex>
                <position y="0.569605" x="-1.000000" z="-0.803467"/>
                <normal y="1.000000" x="-0.000001" z="0.000000"/>
                <texcoord u="0.977975" v="0.014957"/>
                <texcoord u="1.379518" v="-0.006096"/>
            </vertex>
            <vertex>
                <position y="0.569605" x="1.000000" z="-0.803467"/>
                <normal y="1.000000" x="0.000000" z="0.000000"/>
                <texcoord u="0.977975" v="0.014957"/>
                <texcoord u="1.379518" v="-0.006096"/>
            </vertex>
            <vertex>
                <position y="0.569605" x="0.367966" z="0.880314"/>
                <normal y="1.000000" x="0.000000" z="0.000000"/>
                <texcoord u="0.853634" v="0.401498"/>
                <texcoord u="0.123133" v="1.184041"/>
            </vertex>
            <vertex>
                <position y="0.569605" x="0.367966" z="1.196532"/>
                <normal y="1.000000" x="0.000000" z="0.000000"/>
                <texcoord u="0.853634" v="0.474091"/>
                <texcoord u="0.123133" v="1.407551"/>
            </vertex>
            <vertex>
                <position y="0.569605" x="1.000001" z="1.196533"/>
                <normal y="1.000000" x="0.000000" z="0.000000"/>
                <texcoord u="0.977975" v="0.474091"/>
                <texcoord u="1.379519" v="1.407553"/>
            </vertex>
            <vertex>
                <position y="0.569605" x="-0.367966" z="1.196532"/>
                <normal y="1.000000" x="-0.000000" z="0.000000"/>
                <texcoord u="0.853634" v="0.474091"/>
                <texcoord u="0.123133" v="1.407551"/>
            </vertex>
            <vertex>
                <position y="0.569605" x="-0.367966" z="0.880314"/>
                <normal y="1.000000" x="-0.000000" z="0.000000"/>
                <texcoord u="0.853634" v="0.401498"/>
                <texcoord u="0.123133" v="1.184041"/>
            </vertex>
            <vertex>
                <position y="0.569605" x="-1.000000" z="-0.803467"/>
                <normal y="1.000000" x="-0.000000" z="0.000000"/>
                <texcoord u="0.977975" v="0.014957"/>
                <texcoord u="1.379518" v="-0.006096"/>
            </vertex>
            <vertex>
                <position y="0.569605" x="-1.000001" z="1.196533"/>
                <normal y="1.000000" x="-0.000000" z="0.000000"/>
                <texcoord u="0.977975" v="0.474091"/>
                <texcoord u="1.379519" v="1.407553"/>
            </vertex>
            <vertex>
                <position y="0.569605" x="1.000000" z="-0.803467"/>
                <normal y="1.000000" x="-0.000000" z="-0.000001"/>
                <texcoord u="0.977975" v="0.014957"/>
                <texcoord u="1.379518" v="-0.006096"/>
            </vertex>
            <vertex>
                <position y="0.569605" x="0.000000" z="-0.803467"/>
                <normal y="1.000000" x="-0.000000" z="-0.000001"/>
                <texcoord u="0.785286" v="0.014957"/>
                <texcoord u="-0.567474" v="-0.006096"/>
            </vertex>
            <vertex>
                <position y="0.569605" x="0.000000" z="-0.424353"/>
                <normal y="1.000000" x="-0.000000" z="-0.000001"/>
                <texcoord u="0.785286" v="0.101989"/>
                <texcoord u="-0.567474" v="0.261871"/>
            </vertex>
            <vertex>
                <position y="0.569605" x="0.093816" z="-0.393207"/>
                <normal y="1.000000" x="-0.000000" z="-0.000001"/>
                <texcoord u="0.803364" v="0.109139"/>
                <texcoord u="-0.384816" v="0.283886"/>
            </vertex>
            <vertex>
                <position y="0.569605" x="0.000000" z="-0.424353"/>
                <normal y="1.000000" x="0.000000" z="-0.000001"/>
                <texcoord u="0.785286" v="0.101989"/>
                <texcoord u="-0.567474" v="0.261871"/>
            </vertex>
            <vertex>
                <position y="0.569605" x="0.000000" z="-0.803467"/>
                <normal y="1.000000" x="0.000000" z="-0.000001"/>
                <texcoord u="0.785286" v="0.014957"/>
                <texcoord u="-0.567474" v="-0.006096"/>
            </vertex>
            <vertex>
                <position y="0.569605" x="-1.000000" z="-0.803467"/>
                <normal y="1.000000" x="0.000000" z="-0.000001"/>
                <texcoord u="0.977975" v="0.014957"/>
                <texcoord u="1.379518" v="-0.006096"/>
            </vertex>
            <vertex>
                <position y="0.569605" x="-0.093816" z="-0.393207"/>
                <normal y="1.000000" x="0.000000" z="-0.000001"/>
                <texcoord u="0.803364" v="0.109139"/>
                <texcoord u="-0.384816" v="0.283886"/>
            </vertex>
            <vertex>
                <position y="0.569605" x="1.000000" z="-0.803467"/>
                <normal y="0.000000" x="1.000000" z="-0.000000"/>
                <texcoord u="0.973283" v="0.021089"/>
                <texcoord u="0.907609" v="-0.003597"/>
            </vertex>
            <vertex>
                <position y="0.569605" x="1.000001" z="1.196533"/>
                <normal y="0.000000" x="1.000000" z="-0.000000"/>
                <texcoord u="0.973283" v="0.470412"/>
                <texcoord u="0.907609" v="1.405023"/>
            </vertex>
            <vertex>
                <position y="-0.569604" x="1.000001" z="1.196533"/>
                <normal y="0.000000" x="1.000000" z="-0.000000"/>
                <texcoord u="0.973283" v="0.470412"/>
                <texcoord u="1.711145" v="1.405023"/>
            </vertex>
            <vertex>
                <position y="-0.569604" x="1.000000" z="-0.803467"/>
                <normal y="0.000000" x="1.000000" z="-0.000000"/>
                <texcoord u="0.973283" v="0.021089"/>
                <texcoord u="1.711145" v="-0.003597"/>
            </vertex>
            <vertex>
                <position y="-0.569604" x="-1.000001" z="1.196533"/>
                <normal y="0.000000" x="-1.000000" z="-0.000000"/>
                <texcoord u="0.973283" v="0.470412"/>
                <texcoord u="1.711145" v="1.405023"/>
            </vertex>
            <vertex>
                <position y="0.569605" x="-1.000001" z="1.196533"/>
                <normal y="0.000000" x="-1.000000" z="-0.000000"/>
                <texcoord u="0.973283" v="0.470412"/>
                <texcoord u="0.907609" v="1.405023"/>
            </vertex>
            <vertex>
                <position y="0.569605" x="-1.000000" z="-0.803467"/>
                <normal y="0.000000" x="-1.000000" z="-0.000000"/>
                <texcoord u="0.973283" v="0.021089"/>
                <texcoord u="0.907609" v="-0.003597"/>
            </vertex>
            <vertex>
                <position y="-0.569604" x="-1.000000" z="-0.803467"/>
                <normal y="0.000000" x="-1.000000" z="-0.000000"/>
                <texcoord u="0.973283" v="0.021089"/>
                <texcoord u="1.711145" v="-0.003597"/>
            </vertex>
        </vertexbuffer>
    </sharedgeometry>
    <submeshes>
        <submesh usesharedvertices="true" material="archway_brick" use32bitindexes="False">
            <faces count="44">
                <face v1="0" v2="1" v3="2"/>
                <face v1="3" v2="4" v3="5"/>
                <face v1="0" v2="6" v3="7"/>
                <face v1="8" v2="9" v3="5"/>
                <face v1="0" v2="10" v3="11"/>
                <face v1="12" v2="13" v3="5"/>
                <face v1="14" v2="15" v3="16"/>
                <face v1="17" v2="18" v3="19"/>
                <face v1="7" v2="10" v3="0"/>
                <face v1="5" v2="13" v3="8"/>
                <face v1="0" v2="2" v3="6"/>
                <face v1="9" v2="3" v3="5"/>
                <face v1="20" v2="21" v3="22"/>
                <face v1="20" v2="22" v3="23"/>
                <face v1="24" v2="25" v3="26"/>
                <face v1="24" v2="26" v3="27"/>
                <face v1="28" v2="29" v3="30"/>
                <face v1="28" v2="30" v3="31"/>
                <face v1="32" v2="33" v3="34"/>
                <face v1="32" v2="34" v3="35"/>
                <face v1="36" v2="37" v3="38"/>
                <face v1="39" v2="40" v3="41"/>
                <face v1="42" v2="43" v3="44"/>
                <face v1="45" v2="46" v3="47"/>
                <face v1="42" v2="48" v3="49"/>
                <face v1="50" v2="51" v3="47"/>
                <face v1="52" v2="53" v3="54"/>
                <face v1="55" v2="56" v3="57"/>
                <face v1="42" v2="49" v3="43"/>
                <face v1="46" v2="50" v3="47"/>
                <face v1="58" v2="59" v3="60"/>
                <face v1="61" v2="62" v3="63"/>
                <face v1="64" v2="65" v3="66"/>
                <face v1="64" v2="66" v3="67"/>
                <face v1="68" v2="69" v3="70"/>
                <face v1="68" v2="70" v3="71"/>
                <face v1="72" v2="73" v3="74"/>
                <face v1="72" v2="74" v3="75"/>
                <face v1="76" v2="77" v3="78"/>
                <face v1="76" v2="78" v3="79"/>
                <face v1="80" v2="81" v3="82"/>
                <face v1="80" v2="82" v3="83"/>
                <face v1="84" v2="85" v3="86"/>
                <face v1="84" v2="86" v3="87"/>
            </faces>
        </submesh>
    </submeshes>
</mesh>