<?xml version="1.0" encoding="UTF-8"?>
<mesh>
    <sharedgeometry vertexcount="34">
        <vertexbuffer texture_coords="1" positions="true" colours_diffuse="False" normals="true">
            <vertex>
                <position y="0.000000" x="-0.500000" z="-0.880569"/>
                <normal y="0.999969" x="0.000000" z="-0.000000"/>
                <texcoord u="0.403160" v="-0.000888"/>
            </vertex>
            <vertex>
                <position y="0.000000" x="-0.625000" z="-0.929527"/>
                <normal y="1.000000" x="0.000000" z="-0.000000"/>
                <texcoord u="0.256711" v="-0.028558"/>
            </vertex>
            <vertex>
                <position y="0.000000" x="-0.625000" z="0.929526"/>
                <normal y="1.000000" x="0.000000" z="-0.000000"/>
                <texcoord u="0.256711" v="1.022160"/>
            </vertex>
            <vertex>
                <position y="0.000000" x="-0.500000" z="0.880569"/>
                <normal y="1.000000" x="0.000000" z="-0.000000"/>
                <texcoord u="0.403160" v="0.994489"/>
            </vertex>
            <vertex>
                <position y="0.000000" x="-0.750000" z="-0.978484"/>
                <normal y="1.000000" x="0.000000" z="-0.000000"/>
                <texcoord u="0.110262" v="-0.056228"/>
            </vertex>
            <vertex>
                <position y="0.000000" x="-0.750000" z="0.978484"/>
                <normal y="1.000000" x="0.000000" z="-0.000000"/>
                <texcoord u="0.110262" v="1.049830"/>
            </vertex>
            <vertex>
                <position y="0.000000" x="-0.250000" z="-0.726835"/>
                <normal y="1.000000" x="0.000000" z="-0.000000"/>
                <texcoord u="0.696058" v="0.086001"/>
            </vertex>
            <vertex>
                <position y="0.000000" x="-0.375000" z="-0.803702"/>
                <normal y="1.000000" x="0.000000" z="-0.000000"/>
                <texcoord u="0.549609" v="0.042556"/>
            </vertex>
            <vertex>
                <position y="0.000000" x="-0.375000" z="0.803702"/>
                <normal y="0.999969" x="0.000000" z="-0.000000"/>
                <texcoord u="0.549609" v="0.951045"/>
            </vertex>
            <vertex>
                <position y="0.000000" x="-0.250000" z="0.726835"/>
                <normal y="1.000000" x="0.000000" z="-0.000000"/>
                <texcoord u="0.696057" v="0.907601"/>
            </vertex>
            <vertex>
                <position y="0.000000" x="0.000000" z="-0.543119"/>
                <normal y="1.000000" x="0.000000" z="-0.000000"/>
                <texcoord u="0.960498" v="0.189835"/>
            </vertex>
            <vertex>
                <position y="0.000000" x="-0.125000" z="-0.634977"/>
                <normal y="1.000000" x="0.000000" z="-0.000000"/>
                <texcoord u="0.842507" v="0.137918"/>
            </vertex>
            <vertex>
                <position y="0.000000" x="-0.125000" z="0.634977"/>
                <normal y="1.000000" x="0.000000" z="-0.000000"/>
                <texcoord u="0.842507" v="0.855683"/>
            </vertex>
            <vertex>
                <position y="0.000000" x="-0.000000" z="0.543119"/>
                <normal y="1.000000" x="0.000000" z="-0.000000"/>
                <texcoord u="0.960498" v="0.803767"/>
            </vertex>
            <vertex>
                <position y="0.000000" x="0.250000" z="-0.355256"/>
                <normal y="1.000000" x="0.000000" z="-0.000000"/>
                <texcoord u="0.960498" v="0.296014"/>
            </vertex>
            <vertex>
                <position y="0.000000" x="0.125000" z="-0.449187"/>
                <normal y="1.000000" x="0.000000" z="-0.000000"/>
                <texcoord u="0.960498" v="0.242925"/>
            </vertex>
            <vertex>
                <position y="0.000000" x="0.125000" z="0.449187"/>
                <normal y="1.000000" x="0.000000" z="-0.000000"/>
                <texcoord u="0.960498" v="0.750677"/>
            </vertex>
            <vertex>
                <position y="0.000000" x="0.250000" z="0.355256"/>
                <normal y="1.000000" x="0.000000" z="-0.000000"/>
                <texcoord u="0.960498" v="0.697587"/>
            </vertex>
            <vertex>
                <position y="0.000000" x="-0.886250" z="-0.990211"/>
                <normal y="1.000000" x="0.000000" z="-0.000000"/>
                <texcoord u="0.028082" v="-0.062856"/>
            </vertex>
            <vertex>
                <position y="0.000000" x="-0.886250" z="0.990210"/>
                <normal y="1.000000" x="0.000000" z="-0.000000"/>
                <texcoord u="0.028082" v="1.056457"/>
            </vertex>
            <vertex>
                <position y="0.000000" x="-1.000000" z="-1.000000"/>
                <normal y="1.000000" x="0.000000" z="-0.000000"/>
                <texcoord u="0.028082" v="-0.068390"/>
            </vertex>
            <vertex>
                <position y="0.000000" x="-1.000000" z="1.000000"/>
                <normal y="1.000000" x="0.000000" z="-0.000000"/>
                <texcoord u="0.028082" v="1.061990"/>
            </vertex>
            <vertex>
                <position y="0.000000" x="0.750000" z="-0.070430"/>
                <normal y="1.000000" x="0.000000" z="-0.000000"/>
                <texcoord u="0.960498" v="0.456995"/>
            </vertex>
            <vertex>
                <position y="0.000000" x="0.625000" z="-0.129755"/>
                <normal y="1.000000" x="0.000000" z="-0.000000"/>
                <texcoord u="0.960498" v="0.423464"/>
            </vertex>
            <vertex>
                <position y="0.000000" x="0.625000" z="0.129755"/>
                <normal y="1.000000" x="0.000000" z="-0.000000"/>
                <texcoord u="0.960498" v="0.570138"/>
            </vertex>
            <vertex>
                <position y="0.000000" x="0.750000" z="0.070430"/>
                <normal y="1.000000" x="0.000000" z="-0.000000"/>
                <texcoord u="0.960498" v="0.536607"/>
            </vertex>
            <vertex>
                <position y="0.000000" x="0.500000" z="-0.189081"/>
                <normal y="1.000000" x="0.000000" z="-0.000000"/>
                <texcoord u="0.960498" v="0.389934"/>
            </vertex>
            <vertex>
                <position y="0.000000" x="0.500000" z="0.189081"/>
                <normal y="1.000000" x="0.000000" z="-0.000000"/>
                <texcoord u="0.960498" v="0.603667"/>
            </vertex>
            <vertex>
                <position y="0.000000" x="0.375000" z="-0.272168"/>
                <normal y="1.000000" x="0.000000" z="-0.000000"/>
                <texcoord u="0.960498" v="0.342974"/>
            </vertex>
            <vertex>
                <position y="0.000000" x="0.375000" z="0.272168"/>
                <normal y="1.000000" x="0.000000" z="-0.000000"/>
                <texcoord u="0.960498" v="0.650627"/>
            </vertex>
            <vertex>
                <position y="0.000000" x="1.000000" z="-0.025138"/>
                <normal y="0.999969" x="0.000000" z="-0.000000"/>
                <texcoord u="0.960498" v="0.482593"/>
            </vertex>
            <vertex>
                <position y="0.000000" x="0.875000" z="-0.047784"/>
                <normal y="1.000000" x="0.000000" z="-0.000000"/>
                <texcoord u="0.960498" v="0.469793"/>
            </vertex>
            <vertex>
                <position y="0.000000" x="0.875000" z="0.047784"/>
                <normal y="1.000000" x="0.000000" z="-0.000000"/>
                <texcoord u="0.960498" v="0.523808"/>
            </vertex>
            <vertex>
                <position y="0.000000" x="1.000000" z="0.025138"/>
                <normal y="0.999969" x="0.000000" z="-0.000000"/>
                <texcoord u="0.960498" v="0.511008"/>
            </vertex>
        </vertexbuffer>
    </sharedgeometry>
    <submeshes>
        <submesh usesharedvertices="true" material="flag" use32bitindexes="False">
            <faces count="32">
                <face v1="0" v2="1" v3="2"/>
                <face v1="0" v2="2" v3="3"/>
                <face v1="1" v2="4" v3="5"/>
                <face v1="1" v2="5" v3="2"/>
                <face v1="6" v2="7" v3="8"/>
                <face v1="6" v2="8" v3="9"/>
                <face v1="7" v2="0" v3="3"/>
                <face v1="7" v2="3" v3="8"/>
                <face v1="10" v2="11" v3="12"/>
                <face v1="10" v2="12" v3="13"/>
                <face v1="11" v2="6" v3="9"/>
                <face v1="11" v2="9" v3="12"/>
                <face v1="14" v2="15" v3="16"/>
                <face v1="14" v2="16" v3="17"/>
                <face v1="15" v2="10" v3="13"/>
                <face v1="15" v2="13" v3="16"/>
                <face v1="4" v2="18" v3="19"/>
                <face v1="4" v2="19" v3="5"/>
                <face v1="18" v2="20" v3="21"/>
                <face v1="18" v2="21" v3="19"/>
                <face v1="22" v2="23" v3="24"/>
                <face v1="22" v2="24" v3="25"/>
                <face v1="23" v2="26" v3="27"/>
                <face v1="23" v2="27" v3="24"/>
                <face v1="26" v2="28" v3="29"/>
                <face v1="26" v2="29" v3="27"/>
                <face v1="28" v2="14" v3="17"/>
                <face v1="28" v2="17" v3="29"/>
                <face v1="30" v2="31" v3="32"/>
                <face v1="30" v2="32" v3="33"/>
                <face v1="31" v2="22" v3="25"/>
                <face v1="31" v2="25" v3="32"/>
            </faces>
        </submesh>
    </submeshes>
    <skeletonlink name="Plane.skeleton"/>
    <boneassignments>
        <vertexboneassignment vertexindex="0" weight="0.16870856285095215" boneindex="0"/>
        <vertexboneassignment vertexindex="0" weight="0.41316288709640503" boneindex="1"/>
        <vertexboneassignment vertexindex="1" weight="0.5943548679351807" boneindex="0"/>
        <vertexboneassignment vertexindex="1" weight="0.06902071088552475" boneindex="1"/>
        <vertexboneassignment vertexindex="2" weight="0.5450646281242371" boneindex="0"/>
        <vertexboneassignment vertexindex="2" weight="0.05584583058953285" boneindex="1"/>
        <vertexboneassignment vertexindex="3" weight="0.1570633351802826" boneindex="0"/>
        <vertexboneassignment vertexindex="3" weight="0.4029046893119812" boneindex="1"/>
        <vertexboneassignment vertexindex="4" weight="0.8370218873023987" boneindex="0"/>
        <vertexboneassignment vertexindex="5" weight="1.0" boneindex="0"/>
        <vertexboneassignment vertexindex="6" weight="0.9333425164222717" boneindex="1"/>
        <vertexboneassignment vertexindex="7" weight="1.0" boneindex="1"/>
        <vertexboneassignment vertexindex="8" weight="1.0" boneindex="1"/>
        <vertexboneassignment vertexindex="9" weight="1.0" boneindex="1"/>
        <vertexboneassignment vertexindex="10" weight="0.4239485561847687" boneindex="2"/>
        <vertexboneassignment vertexindex="10" weight="0.10829627513885498" boneindex="1"/>
        <vertexboneassignment vertexindex="11" weight="0.37469616532325745" boneindex="1"/>
        <vertexboneassignment vertexindex="11" weight="0.15645930171012878" boneindex="2"/>
        <vertexboneassignment vertexindex="12" weight="0.3685753643512726" boneindex="1"/>
        <vertexboneassignment vertexindex="12" weight="0.149065762758255" boneindex="2"/>
        <vertexboneassignment vertexindex="13" weight="0.4092322885990143" boneindex="2"/>
        <vertexboneassignment vertexindex="13" weight="0.10885035991668701" boneindex="1"/>
        <vertexboneassignment vertexindex="14" weight="0.43145060539245605" boneindex="2"/>
        <vertexboneassignment vertexindex="14" weight="0.3422105312347412" boneindex="3"/>
        <vertexboneassignment vertexindex="15" weight="0.474549800157547" boneindex="2"/>
        <vertexboneassignment vertexindex="15" weight="0.02566494047641754" boneindex="1"/>
        <vertexboneassignment vertexindex="15" weight="0.051969707012176514" boneindex="3"/>
        <vertexboneassignment vertexindex="16" weight="0.45542341470718384" boneindex="2"/>
        <vertexboneassignment vertexindex="16" weight="0.030501261353492737" boneindex="1"/>
        <vertexboneassignment vertexindex="16" weight="0.0577029287815094" boneindex="3"/>
        <vertexboneassignment vertexindex="17" weight="0.4147736132144928" boneindex="2"/>
        <vertexboneassignment vertexindex="17" weight="0.3439675569534302" boneindex="3"/>
        <vertexboneassignment vertexindex="18" weight="0.04816369712352753" boneindex="0"/>
        <vertexboneassignment vertexindex="22" weight="0.7764209508895874" boneindex="4"/>
        <vertexboneassignment vertexindex="22" weight="0.018147751688957214" boneindex="3"/>
        <vertexboneassignment vertexindex="23" weight="0.5789005160331726" boneindex="3"/>
        <vertexboneassignment vertexindex="23" weight="0.3142808675765991" boneindex="4"/>
        <vertexboneassignment vertexindex="24" weight="0.5679438710212708" boneindex="3"/>
        <vertexboneassignment vertexindex="24" weight="0.31906259059906006" boneindex="4"/>
        <vertexboneassignment vertexindex="25" weight="0.7649173140525818" boneindex="4"/>
        <vertexboneassignment vertexindex="25" weight="0.026964813470840454" boneindex="3"/>
        <vertexboneassignment vertexindex="26" weight="0.7157573699951172" boneindex="3"/>
        <vertexboneassignment vertexindex="27" weight="0.691344141960144" boneindex="3"/>
        <vertexboneassignment vertexindex="28" weight="0.5693680047988892" boneindex="3"/>
        <vertexboneassignment vertexindex="28" weight="0.08781927824020386" boneindex="2"/>
        <vertexboneassignment vertexindex="29" weight="0.5525016188621521" boneindex="3"/>
        <vertexboneassignment vertexindex="29" weight="0.08952787518501282" boneindex="2"/>
        <vertexboneassignment vertexindex="30" weight="0.8975801467895508" boneindex="4"/>
        <vertexboneassignment vertexindex="31" weight="0.889954686164856" boneindex="4"/>
        <vertexboneassignment vertexindex="32" weight="0.8881598114967346" boneindex="4"/>
        <vertexboneassignment vertexindex="33" weight="0.8974499702453613" boneindex="4"/>
    </boneassignments>
</mesh>