<?xml version="1.0" encoding="UTF-8"?>
<mesh>
    <sharedgeometry vertexcount="200">
        <vertexbuffer texture_coords="2" positions="true" colours_diffuse="False" normals="true">
            <vertex>
                <position y="-0.569604" x="1.000000" z="1.204264"/>
                <normal y="0.000000" x="1.000000" z="-0.000000"/>
                <texcoord u="0.973283" v="0.470412"/>
                <texcoord u="1.711145" v="1.405023"/>
            </vertex>
            <vertex>
                <position y="-0.569604" x="1.000000" z="-0.795736"/>
                <normal y="0.000000" x="1.000000" z="-0.000000"/>
                <texcoord u="0.973283" v="0.021089"/>
                <texcoord u="1.711145" v="-0.003597"/>
            </vertex>
            <vertex>
                <position y="0.569605" x="1.000000" z="-0.795736"/>
                <normal y="0.000000" x="1.000000" z="-0.000000"/>
                <texcoord u="0.973283" v="0.021089"/>
                <texcoord u="0.907609" v="-0.003597"/>
            </vertex>
            <vertex>
                <position y="0.569604" x="1.000000" z="1.204264"/>
                <normal y="0.000000" x="1.000000" z="-0.000000"/>
                <texcoord u="0.973283" v="0.470412"/>
                <texcoord u="0.907609" v="1.405023"/>
            </vertex>
            <vertex>
                <position y="0.569605" x="-1.000000" z="-0.795736"/>
                <normal y="0.000000" x="-1.000000" z="-0.000000"/>
                <texcoord u="0.973283" v="0.021089"/>
                <texcoord u="0.907609" v="-0.003597"/>
            </vertex>
            <vertex>
                <position y="-0.569604" x="-1.000000" z="-0.795736"/>
                <normal y="0.000000" x="-1.000000" z="-0.000000"/>
                <texcoord u="0.973283" v="0.021089"/>
                <texcoord u="1.711145" v="-0.003597"/>
            </vertex>
            <vertex>
                <position y="-0.569604" x="-1.000000" z="1.204264"/>
                <normal y="0.000000" x="-1.000000" z="-0.000000"/>
                <texcoord u="0.973283" v="0.470412"/>
                <texcoord u="1.711145" v="1.405023"/>
            </vertex>
            <vertex>
                <position y="0.569604" x="-1.000000" z="1.204264"/>
                <normal y="0.000000" x="-1.000000" z="-0.000000"/>
                <texcoord u="0.973283" v="0.470412"/>
                <texcoord u="0.907609" v="1.405023"/>
            </vertex>
            <vertex>
                <position y="-0.616787" x="0.000000" z="-0.940608"/>
                <normal y="-1.000000" x="0.000000" z="-0.000000"/>
                <texcoord u="0.543759" v="0.680575"/>
                <texcoord u="-2.926507" v="0.790894"/>
            </vertex>
            <vertex>
                <position y="-0.616787" x="0.000000" z="-1.204264"/>
                <normal y="-1.000000" x="0.000000" z="-0.000000"/>
                <texcoord u="0.543759" v="0.639616"/>
                <texcoord u="-2.926507" v="0.078511"/>
            </vertex>
            <vertex>
                <position y="-0.616787" x="0.951610" z="-1.204264"/>
                <normal y="-1.000000" x="0.000000" z="-0.000000"/>
                <texcoord u="0.966190" v="0.639616"/>
                <texcoord u="3.615443" v="0.078511"/>
            </vertex>
            <vertex>
                <position y="-0.616787" x="0.951610" z="-0.940607"/>
                <normal y="-1.000000" x="0.000000" z="-0.000000"/>
                <texcoord u="0.965779" v="0.680575"/>
                <texcoord u="3.609074" v="0.790894"/>
            </vertex>
            <vertex>
                <position y="-0.616787" x="-0.951610" z="-1.204264"/>
                <normal y="-1.000000" x="-0.000000" z="-0.000000"/>
                <texcoord u="0.966190" v="0.639616"/>
                <texcoord u="3.615443" v="0.078511"/>
            </vertex>
            <vertex>
                <position y="-0.616787" x="0.000000" z="-1.204264"/>
                <normal y="-1.000000" x="-0.000000" z="-0.000000"/>
                <texcoord u="0.543759" v="0.639616"/>
                <texcoord u="-2.926507" v="0.078511"/>
            </vertex>
            <vertex>
                <position y="-0.616787" x="0.000000" z="-0.940608"/>
                <normal y="-1.000000" x="-0.000000" z="-0.000000"/>
                <texcoord u="0.543759" v="0.680575"/>
                <texcoord u="-2.926507" v="0.790894"/>
            </vertex>
            <vertex>
                <position y="-0.616787" x="-0.951610" z="-0.940607"/>
                <normal y="-1.000000" x="-0.000000" z="-0.000000"/>
                <texcoord u="0.965779" v="0.680575"/>
                <texcoord u="3.609074" v="0.790894"/>
            </vertex>
            <vertex>
                <position y="-0.616787" x="0.951610" z="-0.940607"/>
                <normal y="-1.000000" x="0.000010" z="-0.000000"/>
                <texcoord u="0.965779" v="0.680575"/>
                <texcoord u="3.609074" v="0.790894"/>
            </vertex>
            <vertex>
                <position y="-0.616787" x="0.951610" z="-1.204264"/>
                <normal y="-1.000000" x="0.000010" z="-0.000000"/>
                <texcoord u="0.966190" v="0.639616"/>
                <texcoord u="3.615443" v="0.078511"/>
            </vertex>
            <vertex>
                <position y="-0.616787" x="1.000000" z="-1.103881"/>
                <normal y="-1.000000" x="0.000010" z="-0.000000"/>
                <texcoord u="0.987811" v="0.639616"/>
                <texcoord u="3.950271" v="0.307388"/>
            </vertex>
            <vertex>
                <position y="-0.616787" x="1.000000" z="-0.940607"/>
                <normal y="-1.000000" x="0.000010" z="-0.000000"/>
                <texcoord u="0.987811" v="0.680575"/>
                <texcoord u="3.950271" v="0.790894"/>
            </vertex>
            <vertex>
                <position y="-0.616787" x="-1.000000" z="-1.103881"/>
                <normal y="-1.000000" x="-0.000010" z="-0.000000"/>
                <texcoord u="0.987811" v="0.639616"/>
                <texcoord u="3.950271" v="0.307388"/>
            </vertex>
            <vertex>
                <position y="-0.616787" x="-0.951610" z="-1.204264"/>
                <normal y="-1.000000" x="-0.000010" z="-0.000000"/>
                <texcoord u="0.966190" v="0.639616"/>
                <texcoord u="3.615443" v="0.078511"/>
            </vertex>
            <vertex>
                <position y="-0.616787" x="-0.951610" z="-0.940607"/>
                <normal y="-1.000000" x="-0.000010" z="-0.000000"/>
                <texcoord u="0.965779" v="0.680575"/>
                <texcoord u="3.609074" v="0.790894"/>
            </vertex>
            <vertex>
                <position y="-0.616787" x="-1.000000" z="-0.940607"/>
                <normal y="-1.000000" x="-0.000010" z="-0.000000"/>
                <texcoord u="0.987811" v="0.680575"/>
                <texcoord u="3.950271" v="0.790894"/>
            </vertex>
            <vertex>
                <position y="-0.461006" x="0.951611" z="-1.204264"/>
                <normal y="1.000000" x="-0.000009" z="-0.000000"/>
                <texcoord u="0.966190" v="0.601985"/>
                <texcoord u="3.615443" v="0.818679"/>
            </vertex>
            <vertex>
                <position y="-0.461006" x="0.951611" z="-1.103881"/>
                <normal y="1.000000" x="-0.000009" z="-0.000000"/>
                <texcoord u="0.965779" v="0.561840"/>
                <texcoord u="3.609074" v="0.593692"/>
            </vertex>
            <vertex>
                <position y="-0.461006" x="1.000000" z="-1.103881"/>
                <normal y="1.000000" x="-0.000009" z="-0.000000"/>
                <texcoord u="0.987811" v="0.561840"/>
                <texcoord u="3.950271" v="0.593692"/>
            </vertex>
            <vertex>
                <position y="-0.461006" x="-1.000000" z="-1.103881"/>
                <normal y="1.000000" x="0.000009" z="-0.000000"/>
                <texcoord u="0.987811" v="0.561840"/>
                <texcoord u="3.950271" v="0.593692"/>
            </vertex>
            <vertex>
                <position y="-0.461006" x="-0.951611" z="-1.103881"/>
                <normal y="1.000000" x="0.000009" z="-0.000000"/>
                <texcoord u="0.965779" v="0.561840"/>
                <texcoord u="3.609074" v="0.593692"/>
            </vertex>
            <vertex>
                <position y="-0.461006" x="-0.951611" z="-1.204264"/>
                <normal y="1.000000" x="0.000009" z="-0.000000"/>
                <texcoord u="0.966190" v="0.601985"/>
                <texcoord u="3.615443" v="0.818679"/>
            </vertex>
            <vertex>
                <position y="-0.461006" x="0.000000" z="-1.204264"/>
                <normal y="1.000000" x="0.000000" z="-0.000001"/>
                <texcoord u="0.543759" v="0.601985"/>
                <texcoord u="-2.926507" v="0.818679"/>
            </vertex>
            <vertex>
                <position y="-0.461006" x="0.000000" z="-1.103881"/>
                <normal y="1.000000" x="0.000000" z="-0.000001"/>
                <texcoord u="0.543759" v="0.561840"/>
                <texcoord u="-2.926507" v="0.593692"/>
            </vertex>
            <vertex>
                <position y="-0.461006" x="0.951611" z="-1.103881"/>
                <normal y="1.000000" x="0.000000" z="-0.000001"/>
                <texcoord u="0.965779" v="0.561840"/>
                <texcoord u="3.609074" v="0.593692"/>
            </vertex>
            <vertex>
                <position y="-0.461006" x="0.951611" z="-1.204264"/>
                <normal y="1.000000" x="0.000000" z="-0.000001"/>
                <texcoord u="0.966190" v="0.601985"/>
                <texcoord u="3.615443" v="0.818679"/>
            </vertex>
            <vertex>
                <position y="-0.461006" x="-0.951611" z="-1.103881"/>
                <normal y="1.000000" x="-0.000000" z="-0.000001"/>
                <texcoord u="0.965779" v="0.561840"/>
                <texcoord u="3.609074" v="0.593692"/>
            </vertex>
            <vertex>
                <position y="-0.461006" x="0.000000" z="-1.103881"/>
                <normal y="1.000000" x="-0.000000" z="-0.000001"/>
                <texcoord u="0.543759" v="0.561840"/>
                <texcoord u="-2.926507" v="0.593692"/>
            </vertex>
            <vertex>
                <position y="-0.461006" x="0.000000" z="-1.204264"/>
                <normal y="1.000000" x="-0.000000" z="-0.000001"/>
                <texcoord u="0.543759" v="0.601985"/>
                <texcoord u="-2.926507" v="0.818679"/>
            </vertex>
            <vertex>
                <position y="-0.461006" x="-0.951611" z="-1.204264"/>
                <normal y="1.000000" x="-0.000000" z="-0.000001"/>
                <texcoord u="0.966190" v="0.601985"/>
                <texcoord u="3.615443" v="0.818679"/>
            </vertex>
            <vertex>
                <position y="-0.616787" x="0.951610" z="-1.204264"/>
                <normal y="-0.000000" x="0.900802" z="-0.434231"/>
                <texcoord u="0.966190" v="0.639616"/>
                <texcoord u="1.870943" v="0.508716"/>
            </vertex>
            <vertex>
                <position y="-0.461006" x="0.951611" z="-1.204264"/>
                <normal y="-0.000000" x="0.900802" z="-0.434231"/>
                <texcoord u="0.966190" v="0.601985"/>
                <texcoord u="1.870943" v="0.371491"/>
            </vertex>
            <vertex>
                <position y="-0.461006" x="1.000000" z="-1.103881"/>
                <normal y="-0.000000" x="0.900802" z="-0.434231"/>
                <texcoord u="0.987811" v="0.601985"/>
                <texcoord u="1.993976" v="0.371491"/>
            </vertex>
            <vertex>
                <position y="-0.616787" x="1.000000" z="-1.103881"/>
                <normal y="-0.000000" x="0.900802" z="-0.434231"/>
                <texcoord u="0.987811" v="0.639616"/>
                <texcoord u="1.993976" v="0.508716"/>
            </vertex>
            <vertex>
                <position y="-0.461006" x="-1.000000" z="-1.103881"/>
                <normal y="-0.000000" x="-0.900802" z="-0.434231"/>
                <texcoord u="0.987811" v="0.601985"/>
                <texcoord u="1.993976" v="0.371491"/>
            </vertex>
            <vertex>
                <position y="-0.461006" x="-0.951611" z="-1.204264"/>
                <normal y="-0.000000" x="-0.900802" z="-0.434231"/>
                <texcoord u="0.966190" v="0.601985"/>
                <texcoord u="1.870943" v="0.371491"/>
            </vertex>
            <vertex>
                <position y="-0.616787" x="-0.951610" z="-1.204264"/>
                <normal y="-0.000000" x="-0.900802" z="-0.434231"/>
                <texcoord u="0.966190" v="0.639616"/>
                <texcoord u="1.870943" v="0.508716"/>
            </vertex>
            <vertex>
                <position y="-0.616787" x="-1.000000" z="-1.103881"/>
                <normal y="-0.000000" x="-0.900802" z="-0.434231"/>
                <texcoord u="0.987811" v="0.639616"/>
                <texcoord u="1.993976" v="0.508716"/>
            </vertex>
            <vertex>
                <position y="-0.616787" x="0.000000" z="-1.204264"/>
                <normal y="-0.000000" x="0.000000" z="-1.000000"/>
                <texcoord u="0.543759" v="0.639616"/>
                <texcoord u="-0.532916" v="0.508716"/>
            </vertex>
            <vertex>
                <position y="-0.461006" x="0.000000" z="-1.204264"/>
                <normal y="-0.000000" x="0.000000" z="-1.000000"/>
                <texcoord u="0.543759" v="0.601985"/>
                <texcoord u="-0.532916" v="0.371491"/>
            </vertex>
            <vertex>
                <position y="-0.461006" x="0.951611" z="-1.204264"/>
                <normal y="-0.000000" x="0.000000" z="-1.000000"/>
                <texcoord u="0.966190" v="0.601985"/>
                <texcoord u="1.870943" v="0.371491"/>
            </vertex>
            <vertex>
                <position y="-0.616787" x="0.951610" z="-1.204264"/>
                <normal y="-0.000000" x="0.000000" z="-1.000000"/>
                <texcoord u="0.966190" v="0.639616"/>
                <texcoord u="1.870943" v="0.508716"/>
            </vertex>
            <vertex>
                <position y="-0.461006" x="-0.951611" z="-1.204264"/>
                <normal y="-0.000000" x="-0.000000" z="-1.000000"/>
                <texcoord u="0.966190" v="0.601985"/>
                <texcoord u="1.870943" v="0.371491"/>
            </vertex>
            <vertex>
                <position y="-0.461006" x="0.000000" z="-1.204264"/>
                <normal y="-0.000000" x="-0.000000" z="-1.000000"/>
                <texcoord u="0.543759" v="0.601985"/>
                <texcoord u="-0.532916" v="0.371491"/>
            </vertex>
            <vertex>
                <position y="-0.616787" x="0.000000" z="-1.204264"/>
                <normal y="-0.000000" x="-0.000000" z="-1.000000"/>
                <texcoord u="0.543759" v="0.639616"/>
                <texcoord u="-0.532916" v="0.508716"/>
            </vertex>
            <vertex>
                <position y="-0.616787" x="-0.951610" z="-1.204264"/>
                <normal y="-0.000000" x="-0.000000" z="-1.000000"/>
                <texcoord u="0.966190" v="0.639616"/>
                <texcoord u="1.870943" v="0.508716"/>
            </vertex>
            <vertex>
                <position y="-0.616787" x="1.000000" z="-0.940607"/>
                <normal y="-0.950841" x="0.000006" z="0.309679"/>
                <texcoord u="0.987811" v="0.680575"/>
                <texcoord u="3.950271" v="0.449103"/>
            </vertex>
            <vertex>
                <position y="-0.569604" x="1.000000" z="-0.795736"/>
                <normal y="-0.950841" x="0.000006" z="0.309679"/>
                <texcoord u="0.987811" v="0.703929"/>
                <texcoord u="3.950271" v="0.855291"/>
            </vertex>
            <vertex>
                <position y="-0.569604" x="0.951611" z="-0.795736"/>
                <normal y="-0.950841" x="0.000006" z="0.309679"/>
                <texcoord u="0.967674" v="0.703929"/>
                <texcoord u="3.638429" v="0.855291"/>
            </vertex>
            <vertex>
                <position y="-0.616787" x="0.951610" z="-0.940607"/>
                <normal y="-0.950841" x="0.000006" z="0.309679"/>
                <texcoord u="0.965779" v="0.680575"/>
                <texcoord u="3.609074" v="0.449103"/>
            </vertex>
            <vertex>
                <position y="-0.569604" x="-0.951611" z="-0.795736"/>
                <normal y="-0.950841" x="-0.000006" z="0.309679"/>
                <texcoord u="0.967674" v="0.703929"/>
                <texcoord u="3.638429" v="0.855291"/>
            </vertex>
            <vertex>
                <position y="-0.569604" x="-1.000000" z="-0.795736"/>
                <normal y="-0.950841" x="-0.000006" z="0.309679"/>
                <texcoord u="0.987811" v="0.703929"/>
                <texcoord u="3.950271" v="0.855291"/>
            </vertex>
            <vertex>
                <position y="-0.616787" x="-1.000000" z="-0.940607"/>
                <normal y="-0.950841" x="-0.000006" z="0.309679"/>
                <texcoord u="0.987811" v="0.680575"/>
                <texcoord u="3.950271" v="0.449103"/>
            </vertex>
            <vertex>
                <position y="-0.616787" x="-0.951610" z="-0.940607"/>
                <normal y="-0.950841" x="-0.000006" z="0.309679"/>
                <texcoord u="0.965779" v="0.680575"/>
                <texcoord u="3.609074" v="0.449103"/>
            </vertex>
            <vertex>
                <position y="-0.616787" x="0.951610" z="-0.940607"/>
                <normal y="-0.950841" x="0.000000" z="0.309679"/>
                <texcoord u="0.965779" v="0.680575"/>
                <texcoord u="3.609074" v="0.449103"/>
            </vertex>
            <vertex>
                <position y="-0.569604" x="0.951611" z="-0.795736"/>
                <normal y="-0.950841" x="0.000000" z="0.309679"/>
                <texcoord u="0.967674" v="0.703929"/>
                <texcoord u="3.638429" v="0.855291"/>
            </vertex>
            <vertex>
                <position y="-0.569604" x="0.000000" z="-0.795736"/>
                <normal y="-0.950841" x="0.000000" z="0.309679"/>
                <texcoord u="0.543759" v="0.703929"/>
                <texcoord u="-2.926507" v="0.855291"/>
            </vertex>
            <vertex>
                <position y="-0.616787" x="0.000000" z="-0.940608"/>
                <normal y="-0.950841" x="0.000000" z="0.309679"/>
                <texcoord u="0.543759" v="0.680575"/>
                <texcoord u="-2.926507" v="0.449103"/>
            </vertex>
            <vertex>
                <position y="-0.569604" x="0.000000" z="-0.795736"/>
                <normal y="-0.950841" x="-0.000000" z="0.309679"/>
                <texcoord u="0.543759" v="0.703929"/>
                <texcoord u="-2.926507" v="0.855291"/>
            </vertex>
            <vertex>
                <position y="-0.569604" x="-0.951611" z="-0.795736"/>
                <normal y="-0.950841" x="-0.000000" z="0.309679"/>
                <texcoord u="0.967674" v="0.703929"/>
                <texcoord u="3.638429" v="0.855291"/>
            </vertex>
            <vertex>
                <position y="-0.616787" x="-0.951610" z="-0.940607"/>
                <normal y="-0.950841" x="-0.000000" z="0.309679"/>
                <texcoord u="0.965779" v="0.680575"/>
                <texcoord u="3.609074" v="0.449103"/>
            </vertex>
            <vertex>
                <position y="-0.616787" x="0.000000" z="-0.940608"/>
                <normal y="-0.950841" x="-0.000000" z="0.309679"/>
                <texcoord u="0.543759" v="0.680575"/>
                <texcoord u="-2.926507" v="0.449103"/>
            </vertex>
            <vertex>
                <position y="0.569604" x="0.000000" z="-0.795736"/>
                <normal y="0.950841" x="0.000000" z="0.309678"/>
                <texcoord u="0.543759" v="0.703862"/>
                <texcoord u="-2.926507" v="0.855291"/>
            </vertex>
            <vertex>
                <position y="0.569604" x="0.951610" z="-0.795736"/>
                <normal y="0.950841" x="0.000000" z="0.309678"/>
                <texcoord u="0.967674" v="0.703862"/>
                <texcoord u="3.638429" v="0.855291"/>
            </vertex>
            <vertex>
                <position y="0.616787" x="0.951610" z="-0.940607"/>
                <normal y="0.950841" x="0.000000" z="0.309678"/>
                <texcoord u="0.965779" v="0.680508"/>
                <texcoord u="3.609074" v="0.449103"/>
            </vertex>
            <vertex>
                <position y="0.616787" x="0.000000" z="-0.940608"/>
                <normal y="0.950841" x="0.000000" z="0.309678"/>
                <texcoord u="0.543759" v="0.680508"/>
                <texcoord u="-2.926507" v="0.449103"/>
            </vertex>
            <vertex>
                <position y="0.616787" x="-0.951610" z="-0.940607"/>
                <normal y="0.950841" x="-0.000000" z="0.309678"/>
                <texcoord u="0.965779" v="0.680508"/>
                <texcoord u="3.609074" v="0.449103"/>
            </vertex>
            <vertex>
                <position y="0.569604" x="-0.951610" z="-0.795736"/>
                <normal y="0.950841" x="-0.000000" z="0.309678"/>
                <texcoord u="0.967674" v="0.703862"/>
                <texcoord u="3.638429" v="0.855291"/>
            </vertex>
            <vertex>
                <position y="0.569604" x="0.000000" z="-0.795736"/>
                <normal y="0.950841" x="-0.000000" z="0.309678"/>
                <texcoord u="0.543759" v="0.703862"/>
                <texcoord u="-2.926507" v="0.855291"/>
            </vertex>
            <vertex>
                <position y="0.616787" x="0.000000" z="-0.940608"/>
                <normal y="0.950841" x="-0.000000" z="0.309678"/>
                <texcoord u="0.543759" v="0.680508"/>
                <texcoord u="-2.926507" v="0.449103"/>
            </vertex>
            <vertex>
                <position y="0.569604" x="0.951610" z="-0.795736"/>
                <normal y="0.950841" x="-0.000008" z="0.309678"/>
                <texcoord u="0.967674" v="0.703862"/>
                <texcoord u="3.638429" v="0.855291"/>
            </vertex>
            <vertex>
                <position y="0.569605" x="1.000000" z="-0.795736"/>
                <normal y="0.950841" x="-0.000008" z="0.309678"/>
                <texcoord u="0.987811" v="0.703862"/>
                <texcoord u="3.950271" v="0.855291"/>
            </vertex>
            <vertex>
                <position y="0.616787" x="1.000000" z="-0.940607"/>
                <normal y="0.950841" x="-0.000008" z="0.309678"/>
                <texcoord u="0.987811" v="0.680508"/>
                <texcoord u="3.950271" v="0.449103"/>
            </vertex>
            <vertex>
                <position y="0.616787" x="0.951610" z="-0.940607"/>
                <normal y="0.950841" x="-0.000008" z="0.309678"/>
                <texcoord u="0.965779" v="0.680508"/>
                <texcoord u="3.609074" v="0.449103"/>
            </vertex>
            <vertex>
                <position y="0.616787" x="-1.000000" z="-0.940607"/>
                <normal y="0.950841" x="0.000008" z="0.309678"/>
                <texcoord u="0.987811" v="0.680508"/>
                <texcoord u="3.950271" v="0.449103"/>
            </vertex>
            <vertex>
                <position y="0.569605" x="-1.000000" z="-0.795736"/>
                <normal y="0.950841" x="0.000008" z="0.309678"/>
                <texcoord u="0.987811" v="0.703862"/>
                <texcoord u="3.950271" v="0.855291"/>
            </vertex>
            <vertex>
                <position y="0.569604" x="-0.951610" z="-0.795736"/>
                <normal y="0.950841" x="0.000008" z="0.309678"/>
                <texcoord u="0.967674" v="0.703862"/>
                <texcoord u="3.638429" v="0.855291"/>
            </vertex>
            <vertex>
                <position y="0.616787" x="-0.951610" z="-0.940607"/>
                <normal y="0.950841" x="0.000008" z="0.309678"/>
                <texcoord u="0.965779" v="0.680508"/>
                <texcoord u="3.609074" v="0.449103"/>
            </vertex>
            <vertex>
                <position y="0.461006" x="0.951610" z="-1.204264"/>
                <normal y="0.000000" x="0.000000" z="-1.000000"/>
                <texcoord u="0.966190" v="0.601917"/>
                <texcoord u="1.870943" v="0.371491"/>
            </vertex>
            <vertex>
                <position y="0.461006" x="0.000000" z="-1.204264"/>
                <normal y="0.000000" x="0.000000" z="-1.000000"/>
                <texcoord u="0.543759" v="0.601917"/>
                <texcoord u="-0.532916" v="0.371491"/>
            </vertex>
            <vertex>
                <position y="0.616787" x="0.000000" z="-1.204264"/>
                <normal y="0.000000" x="0.000000" z="-1.000000"/>
                <texcoord u="0.543759" v="0.639549"/>
                <texcoord u="-0.532916" v="0.508716"/>
            </vertex>
            <vertex>
                <position y="0.616787" x="0.951610" z="-1.204264"/>
                <normal y="0.000000" x="0.000000" z="-1.000000"/>
                <texcoord u="0.966190" v="0.639549"/>
                <texcoord u="1.870943" v="0.508716"/>
            </vertex>
            <vertex>
                <position y="0.616787" x="0.000000" z="-1.204264"/>
                <normal y="0.000000" x="-0.000000" z="-1.000000"/>
                <texcoord u="0.543759" v="0.639549"/>
                <texcoord u="-0.532916" v="0.508716"/>
            </vertex>
            <vertex>
                <position y="0.461006" x="0.000000" z="-1.204264"/>
                <normal y="0.000000" x="-0.000000" z="-1.000000"/>
                <texcoord u="0.543759" v="0.601917"/>
                <texcoord u="-0.532916" v="0.371491"/>
            </vertex>
            <vertex>
                <position y="0.461006" x="-0.951610" z="-1.204264"/>
                <normal y="0.000000" x="-0.000000" z="-1.000000"/>
                <texcoord u="0.966190" v="0.601917"/>
                <texcoord u="1.870943" v="0.371491"/>
            </vertex>
            <vertex>
                <position y="0.616787" x="-0.951610" z="-1.204264"/>
                <normal y="0.000000" x="-0.000000" z="-1.000000"/>
                <texcoord u="0.966190" v="0.639549"/>
                <texcoord u="1.870943" v="0.508716"/>
            </vertex>
            <vertex>
                <position y="0.461007" x="1.000000" z="-1.103881"/>
                <normal y="0.000000" x="0.900800" z="-0.434234"/>
                <texcoord u="0.987811" v="0.601917"/>
                <texcoord u="1.993976" v="0.371491"/>
            </vertex>
            <vertex>
                <position y="0.461006" x="0.951610" z="-1.204264"/>
                <normal y="0.000000" x="0.900800" z="-0.434234"/>
                <texcoord u="0.966190" v="0.601917"/>
                <texcoord u="1.870943" v="0.371491"/>
            </vertex>
            <vertex>
                <position y="0.616787" x="0.951610" z="-1.204264"/>
                <normal y="0.000000" x="0.900800" z="-0.434234"/>
                <texcoord u="0.966190" v="0.639549"/>
                <texcoord u="1.870943" v="0.508716"/>
            </vertex>
            <vertex>
                <position y="0.616787" x="1.000000" z="-1.103881"/>
                <normal y="0.000000" x="0.900800" z="-0.434234"/>
                <texcoord u="0.987811" v="0.639549"/>
                <texcoord u="1.993976" v="0.508716"/>
            </vertex>
            <vertex>
                <position y="0.616787" x="-0.951610" z="-1.204264"/>
                <normal y="0.000000" x="-0.900800" z="-0.434234"/>
                <texcoord u="0.966190" v="0.639549"/>
                <texcoord u="1.870943" v="0.508716"/>
            </vertex>
            <vertex>
                <position y="0.461006" x="-0.951610" z="-1.204264"/>
                <normal y="0.000000" x="-0.900800" z="-0.434234"/>
                <texcoord u="0.966190" v="0.601917"/>
                <texcoord u="1.870943" v="0.371491"/>
            </vertex>
            <vertex>
                <position y="0.461007" x="-1.000000" z="-1.103881"/>
                <normal y="0.000000" x="-0.900800" z="-0.434234"/>
                <texcoord u="0.987811" v="0.601917"/>
                <texcoord u="1.993976" v="0.371491"/>
            </vertex>
            <vertex>
                <position y="0.616787" x="-1.000000" z="-1.103881"/>
                <normal y="0.000000" x="-0.900800" z="-0.434234"/>
                <texcoord u="0.987811" v="0.639549"/>
                <texcoord u="1.993976" v="0.508716"/>
            </vertex>
            <vertex>
                <position y="0.461006" x="0.951610" z="-1.103881"/>
                <normal y="-1.000000" x="-0.000000" z="0.000003"/>
                <texcoord u="0.965779" v="0.561773"/>
                <texcoord u="3.609074" v="0.593692"/>
            </vertex>
            <vertex>
                <position y="0.461007" x="0.000000" z="-1.103881"/>
                <normal y="-1.000000" x="-0.000000" z="0.000003"/>
                <texcoord u="0.543759" v="0.561773"/>
                <texcoord u="-2.926507" v="0.593692"/>
            </vertex>
            <vertex>
                <position y="0.461006" x="0.000000" z="-1.204264"/>
                <normal y="-1.000000" x="-0.000000" z="0.000003"/>
                <texcoord u="0.543759" v="0.601917"/>
                <texcoord u="-2.926507" v="0.818679"/>
            </vertex>
            <vertex>
                <position y="0.461006" x="0.951610" z="-1.204264"/>
                <normal y="-1.000000" x="-0.000000" z="0.000003"/>
                <texcoord u="0.966190" v="0.601917"/>
                <texcoord u="3.615443" v="0.818679"/>
            </vertex>
            <vertex>
                <position y="0.461006" x="0.000000" z="-1.204264"/>
                <normal y="-1.000000" x="0.000000" z="0.000003"/>
                <texcoord u="0.543759" v="0.601917"/>
                <texcoord u="-2.926507" v="0.818679"/>
            </vertex>
            <vertex>
                <position y="0.461007" x="0.000000" z="-1.103881"/>
                <normal y="-1.000000" x="0.000000" z="0.000003"/>
                <texcoord u="0.543759" v="0.561773"/>
                <texcoord u="-2.926507" v="0.593692"/>
            </vertex>
            <vertex>
                <position y="0.461006" x="-0.951610" z="-1.103881"/>
                <normal y="-1.000000" x="0.000000" z="0.000003"/>
                <texcoord u="0.965779" v="0.561773"/>
                <texcoord u="3.609074" v="0.593692"/>
            </vertex>
            <vertex>
                <position y="0.461006" x="-0.951610" z="-1.204264"/>
                <normal y="-1.000000" x="0.000000" z="0.000003"/>
                <texcoord u="0.966190" v="0.601917"/>
                <texcoord u="3.615443" v="0.818679"/>
            </vertex>
            <vertex>
                <position y="0.461007" x="1.000000" z="-1.103881"/>
                <normal y="-1.000000" x="0.000014" z="-0.000000"/>
                <texcoord u="0.987811" v="0.561773"/>
                <texcoord u="3.950271" v="0.593692"/>
            </vertex>
            <vertex>
                <position y="0.461006" x="0.951610" z="-1.103881"/>
                <normal y="-1.000000" x="0.000014" z="-0.000000"/>
                <texcoord u="0.965779" v="0.561773"/>
                <texcoord u="3.609074" v="0.593692"/>
            </vertex>
            <vertex>
                <position y="0.461006" x="0.951610" z="-1.204264"/>
                <normal y="-1.000000" x="0.000014" z="-0.000000"/>
                <texcoord u="0.966190" v="0.601917"/>
                <texcoord u="3.615443" v="0.818679"/>
            </vertex>
            <vertex>
                <position y="0.461006" x="-0.951610" z="-1.204264"/>
                <normal y="-1.000000" x="-0.000014" z="-0.000000"/>
                <texcoord u="0.966190" v="0.601917"/>
                <texcoord u="3.615443" v="0.818679"/>
            </vertex>
            <vertex>
                <position y="0.461006" x="-0.951610" z="-1.103881"/>
                <normal y="-1.000000" x="-0.000014" z="-0.000000"/>
                <texcoord u="0.965779" v="0.561773"/>
                <texcoord u="3.609074" v="0.593692"/>
            </vertex>
            <vertex>
                <position y="0.461007" x="-1.000000" z="-1.103881"/>
                <normal y="-1.000000" x="-0.000014" z="-0.000000"/>
                <texcoord u="0.987811" v="0.561773"/>
                <texcoord u="3.950271" v="0.593692"/>
            </vertex>
            <vertex>
                <position y="0.616787" x="1.000000" z="-1.103881"/>
                <normal y="1.000000" x="-0.000004" z="0.000000"/>
                <texcoord u="0.987811" v="0.639549"/>
                <texcoord u="3.950271" v="0.307388"/>
            </vertex>
            <vertex>
                <position y="0.616787" x="0.951610" z="-1.204264"/>
                <normal y="1.000000" x="-0.000004" z="0.000000"/>
                <texcoord u="0.966190" v="0.639549"/>
                <texcoord u="3.615443" v="0.078511"/>
            </vertex>
            <vertex>
                <position y="0.616787" x="0.951610" z="-0.940607"/>
                <normal y="1.000000" x="-0.000004" z="0.000000"/>
                <texcoord u="0.965779" v="0.680508"/>
                <texcoord u="3.609074" v="0.790894"/>
            </vertex>
            <vertex>
                <position y="0.616787" x="1.000000" z="-0.940607"/>
                <normal y="1.000000" x="-0.000004" z="0.000000"/>
                <texcoord u="0.987811" v="0.680508"/>
                <texcoord u="3.950271" v="0.790894"/>
            </vertex>
            <vertex>
                <position y="0.616787" x="-0.951610" z="-0.940607"/>
                <normal y="1.000000" x="0.000004" z="0.000000"/>
                <texcoord u="0.965779" v="0.680508"/>
                <texcoord u="3.609074" v="0.790894"/>
            </vertex>
            <vertex>
                <position y="0.616787" x="-0.951610" z="-1.204264"/>
                <normal y="1.000000" x="0.000004" z="0.000000"/>
                <texcoord u="0.966190" v="0.639549"/>
                <texcoord u="3.615443" v="0.078511"/>
            </vertex>
            <vertex>
                <position y="0.616787" x="-1.000000" z="-1.103881"/>
                <normal y="1.000000" x="0.000004" z="0.000000"/>
                <texcoord u="0.987811" v="0.639549"/>
                <texcoord u="3.950271" v="0.307388"/>
            </vertex>
            <vertex>
                <position y="0.616787" x="-1.000000" z="-0.940607"/>
                <normal y="1.000000" x="0.000004" z="0.000000"/>
                <texcoord u="0.987811" v="0.680508"/>
                <texcoord u="3.950271" v="0.790894"/>
            </vertex>
            <vertex>
                <position y="0.616787" x="0.951610" z="-1.204264"/>
                <normal y="1.000000" x="-0.000000" z="0.000000"/>
                <texcoord u="0.966190" v="0.639549"/>
                <texcoord u="3.615443" v="0.078511"/>
            </vertex>
            <vertex>
                <position y="0.616787" x="0.000000" z="-1.204264"/>
                <normal y="1.000000" x="-0.000000" z="0.000000"/>
                <texcoord u="0.543759" v="0.639549"/>
                <texcoord u="-2.926507" v="0.078511"/>
            </vertex>
            <vertex>
                <position y="0.616787" x="0.000000" z="-0.940608"/>
                <normal y="1.000000" x="-0.000000" z="0.000000"/>
                <texcoord u="0.543759" v="0.680508"/>
                <texcoord u="-2.926507" v="0.790894"/>
            </vertex>
            <vertex>
                <position y="0.616787" x="0.951610" z="-0.940607"/>
                <normal y="1.000000" x="-0.000000" z="0.000000"/>
                <texcoord u="0.965779" v="0.680508"/>
                <texcoord u="3.609074" v="0.790894"/>
            </vertex>
            <vertex>
                <position y="0.616787" x="0.000000" z="-0.940608"/>
                <normal y="1.000000" x="0.000000" z="0.000000"/>
                <texcoord u="0.543759" v="0.680508"/>
                <texcoord u="-2.926507" v="0.790894"/>
            </vertex>
            <vertex>
                <position y="0.616787" x="0.000000" z="-1.204264"/>
                <normal y="1.000000" x="0.000000" z="0.000000"/>
                <texcoord u="0.543759" v="0.639549"/>
                <texcoord u="-2.926507" v="0.078511"/>
            </vertex>
            <vertex>
                <position y="0.616787" x="-0.951610" z="-1.204264"/>
                <normal y="1.000000" x="0.000000" z="0.000000"/>
                <texcoord u="0.966190" v="0.639549"/>
                <texcoord u="3.615443" v="0.078511"/>
            </vertex>
            <vertex>
                <position y="0.616787" x="-0.951610" z="-0.940607"/>
                <normal y="1.000000" x="0.000000" z="0.000000"/>
                <texcoord u="0.965779" v="0.680508"/>
                <texcoord u="3.609074" v="0.790894"/>
            </vertex>
            <vertex>
                <position y="-0.616787" x="1.000000" z="-0.940607"/>
                <normal y="0.000002" x="1.000000" z="-0.000000"/>
                <texcoord u="0.243027" v="0.504081"/>
                <texcoord u="0.521102" v="0.187926"/>
            </vertex>
            <vertex>
                <position y="-0.616787" x="1.000000" z="-1.103881"/>
                <normal y="0.000002" x="1.000000" z="-0.000000"/>
                <texcoord u="0.243027" v="0.478839"/>
                <texcoord u="0.521102" v="0.133220"/>
            </vertex>
            <vertex>
                <position y="-0.461006" x="1.000000" z="-1.103881"/>
                <normal y="0.000002" x="1.000000" z="-0.000000"/>
                <texcoord u="0.218821" v="0.478839"/>
                <texcoord u="0.503012" v="0.133220"/>
            </vertex>
            <vertex>
                <position y="-0.461006" x="-1.000000" z="-1.103881"/>
                <normal y="0.000002" x="-1.000000" z="-0.000000"/>
                <texcoord u="0.218821" v="0.478839"/>
                <texcoord u="0.503012" v="0.133220"/>
            </vertex>
            <vertex>
                <position y="-0.616787" x="-1.000000" z="-1.103881"/>
                <normal y="0.000002" x="-1.000000" z="-0.000000"/>
                <texcoord u="0.243027" v="0.478839"/>
                <texcoord u="0.521102" v="0.133220"/>
            </vertex>
            <vertex>
                <position y="-0.616787" x="-1.000000" z="-0.940607"/>
                <normal y="0.000002" x="-1.000000" z="-0.000000"/>
                <texcoord u="0.243027" v="0.504081"/>
                <texcoord u="0.521102" v="0.187926"/>
            </vertex>
            <vertex>
                <position y="0.616787" x="1.000000" z="-0.940607"/>
                <normal y="-0.000002" x="1.000000" z="-0.000000"/>
                <texcoord u="0.051343" v="0.504081"/>
                <texcoord u="0.377852" v="0.187926"/>
            </vertex>
            <vertex>
                <position y="0.461007" x="1.000000" z="-1.103881"/>
                <normal y="-0.000002" x="1.000000" z="-0.000000"/>
                <texcoord u="0.075550" v="0.478839"/>
                <texcoord u="0.395942" v="0.133220"/>
            </vertex>
            <vertex>
                <position y="0.616787" x="1.000000" z="-1.103881"/>
                <normal y="-0.000002" x="1.000000" z="-0.000000"/>
                <texcoord u="0.051343" v="0.478839"/>
                <texcoord u="0.377852" v="0.133220"/>
            </vertex>
            <vertex>
                <position y="0.616787" x="-1.000000" z="-1.103881"/>
                <normal y="-0.000002" x="-1.000000" z="-0.000000"/>
                <texcoord u="0.051343" v="0.478839"/>
                <texcoord u="0.377852" v="0.133220"/>
            </vertex>
            <vertex>
                <position y="0.461007" x="-1.000000" z="-1.103881"/>
                <normal y="-0.000002" x="-1.000000" z="-0.000000"/>
                <texcoord u="0.075550" v="0.478839"/>
                <texcoord u="0.395942" v="0.133220"/>
            </vertex>
            <vertex>
                <position y="0.616787" x="-1.000000" z="-0.940607"/>
                <normal y="-0.000002" x="-1.000000" z="-0.000000"/>
                <texcoord u="0.051343" v="0.504081"/>
                <texcoord u="0.377852" v="0.187926"/>
            </vertex>
            <vertex>
                <position y="-0.461006" x="1.000000" z="-1.103881"/>
                <normal y="0.000000" x="1.000000" z="-0.000002"/>
                <texcoord u="0.218821" v="0.478839"/>
                <texcoord u="0.503012" v="0.154049"/>
            </vertex>
            <vertex>
                <position y="0.461007" x="1.000000" z="-1.103881"/>
                <normal y="0.000000" x="1.000000" z="-0.000002"/>
                <texcoord u="0.075550" v="0.478839"/>
                <texcoord u="0.395942" v="0.154049"/>
            </vertex>
            <vertex>
                <position y="0.616787" x="1.000000" z="-0.940607"/>
                <normal y="0.000000" x="1.000000" z="-0.000002"/>
                <texcoord u="0.051343" v="0.504081"/>
                <texcoord u="0.377852" v="0.187926"/>
            </vertex>
            <vertex>
                <position y="-0.616787" x="1.000000" z="-0.940607"/>
                <normal y="0.000000" x="1.000000" z="-0.000002"/>
                <texcoord u="0.243027" v="0.504081"/>
                <texcoord u="0.521102" v="0.187926"/>
            </vertex>
            <vertex>
                <position y="0.616787" x="-1.000000" z="-0.940607"/>
                <normal y="0.000000" x="-1.000000" z="-0.000002"/>
                <texcoord u="0.051343" v="0.504081"/>
                <texcoord u="0.377852" v="0.187926"/>
            </vertex>
            <vertex>
                <position y="0.461007" x="-1.000000" z="-1.103881"/>
                <normal y="0.000000" x="-1.000000" z="-0.000002"/>
                <texcoord u="0.075550" v="0.478839"/>
                <texcoord u="0.395942" v="0.154049"/>
            </vertex>
            <vertex>
                <position y="-0.461006" x="-1.000000" z="-1.103881"/>
                <normal y="0.000000" x="-1.000000" z="-0.000002"/>
                <texcoord u="0.218821" v="0.478839"/>
                <texcoord u="0.503012" v="0.154049"/>
            </vertex>
            <vertex>
                <position y="-0.616787" x="-1.000000" z="-0.940607"/>
                <normal y="0.000000" x="-1.000000" z="-0.000002"/>
                <texcoord u="0.243027" v="0.504081"/>
                <texcoord u="0.521102" v="0.187926"/>
            </vertex>
            <vertex>
                <position y="-0.569604" x="1.000000" z="-0.795736"/>
                <normal y="-0.000000" x="1.000000" z="0.000002"/>
                <texcoord u="0.235528" v="0.526592"/>
                <texcoord u="0.515623" v="0.217985"/>
            </vertex>
            <vertex>
                <position y="-0.616787" x="1.000000" z="-0.940607"/>
                <normal y="-0.000000" x="1.000000" z="0.000002"/>
                <texcoord u="0.243027" v="0.504081"/>
                <texcoord u="0.521102" v="0.187926"/>
            </vertex>
            <vertex>
                <position y="0.616787" x="1.000000" z="-0.940607"/>
                <normal y="-0.000000" x="1.000000" z="0.000002"/>
                <texcoord u="0.051343" v="0.504081"/>
                <texcoord u="0.377852" v="0.187926"/>
            </vertex>
            <vertex>
                <position y="0.569605" x="1.000000" z="-0.795736"/>
                <normal y="-0.000000" x="1.000000" z="0.000002"/>
                <texcoord u="0.058507" v="0.526592"/>
                <texcoord u="0.383331" v="0.217985"/>
            </vertex>
            <vertex>
                <position y="0.616787" x="-1.000000" z="-0.940607"/>
                <normal y="-0.000000" x="-1.000000" z="0.000002"/>
                <texcoord u="0.051343" v="0.504081"/>
                <texcoord u="0.377852" v="0.187926"/>
            </vertex>
            <vertex>
                <position y="-0.616787" x="-1.000000" z="-0.940607"/>
                <normal y="-0.000000" x="-1.000000" z="0.000002"/>
                <texcoord u="0.243027" v="0.504081"/>
                <texcoord u="0.521102" v="0.187926"/>
            </vertex>
            <vertex>
                <position y="-0.569604" x="-1.000000" z="-0.795736"/>
                <normal y="-0.000000" x="-1.000000" z="0.000002"/>
                <texcoord u="0.235528" v="0.526592"/>
                <texcoord u="0.515623" v="0.217985"/>
            </vertex>
            <vertex>
                <position y="0.569605" x="-1.000000" z="-0.795736"/>
                <normal y="-0.000000" x="-1.000000" z="0.000002"/>
                <texcoord u="0.058507" v="0.526592"/>
                <texcoord u="0.383331" v="0.217985"/>
            </vertex>
            <vertex>
                <position y="-0.461006" x="0.000000" z="-1.103881"/>
                <normal y="0.000000" x="0.000000" z="-1.000000"/>
                <texcoord u="0.041768" v="0.698379"/>
                <texcoord u="0.370744" v="0.359416"/>
            </vertex>
            <vertex>
                <position y="0.461007" x="0.000000" z="-1.103881"/>
                <normal y="0.000000" x="0.000000" z="-1.000000"/>
                <texcoord u="0.041768" v="0.576781"/>
                <texcoord u="0.370744" v="0.321051"/>
            </vertex>
            <vertex>
                <position y="0.461007" x="1.000000" z="-1.103881"/>
                <normal y="0.000000" x="0.000000" z="-1.000000"/>
                <texcoord u="0.485819" v="0.576781"/>
                <texcoord u="0.449156" v="0.321051"/>
            </vertex>
            <vertex>
                <position y="-0.461006" x="1.000000" z="-1.103881"/>
                <normal y="0.000000" x="0.000000" z="-1.000000"/>
                <texcoord u="0.485819" v="0.698379"/>
                <texcoord u="0.449156" v="0.359416"/>
            </vertex>
            <vertex>
                <position y="0.461007" x="-1.000000" z="-1.103881"/>
                <normal y="0.000000" x="-0.000000" z="-1.000000"/>
                <texcoord u="0.485819" v="0.576781"/>
                <texcoord u="0.449156" v="0.321051"/>
            </vertex>
            <vertex>
                <position y="0.461007" x="0.000000" z="-1.103881"/>
                <normal y="0.000000" x="-0.000000" z="-1.000000"/>
                <texcoord u="0.041768" v="0.576781"/>
                <texcoord u="0.370744" v="0.321051"/>
            </vertex>
            <vertex>
                <position y="-0.461006" x="0.000000" z="-1.103881"/>
                <normal y="0.000000" x="-0.000000" z="-1.000000"/>
                <texcoord u="0.041768" v="0.698379"/>
                <texcoord u="0.370744" v="0.359416"/>
            </vertex>
            <vertex>
                <position y="-0.461006" x="-1.000000" z="-1.103881"/>
                <normal y="0.000000" x="-0.000000" z="-1.000000"/>
                <texcoord u="0.485819" v="0.698379"/>
                <texcoord u="0.449156" v="0.359416"/>
            </vertex>
            <vertex>
                <position y="-0.569604" x="0.000000" z="-0.795736"/>
                <normal y="-1.000000" x="0.000000" z="-0.000000"/>
                <texcoord u="0.851508" v="0.015220"/>
                <texcoord u="-0.751099" v="-0.000485"/>
            </vertex>
            <vertex>
                <position y="-0.569604" x="0.951611" z="-0.795736"/>
                <normal y="-1.000000" x="0.000000" z="-0.000000"/>
                <texcoord u="0.972399" v="0.015220"/>
                <texcoord u="1.098207" v="-0.000485"/>
            </vertex>
            <vertex>
                <position y="-0.569604" x="0.951611" z="1.204264"/>
                <normal y="-1.000000" x="0.000000" z="-0.000000"/>
                <texcoord u="0.972399" v="0.471637"/>
                <texcoord u="1.098207" v="1.410514"/>
            </vertex>
            <vertex>
                <position y="-0.569605" x="0.000000" z="1.204264"/>
                <normal y="-1.000000" x="0.000000" z="-0.000000"/>
                <texcoord u="0.851508" v="0.471637"/>
                <texcoord u="-0.751099" v="1.410514"/>
            </vertex>
            <vertex>
                <position y="-0.569604" x="-0.951611" z="1.204264"/>
                <normal y="-1.000000" x="-0.000000" z="-0.000000"/>
                <texcoord u="0.972399" v="0.471637"/>
                <texcoord u="1.098207" v="1.410514"/>
            </vertex>
            <vertex>
                <position y="-0.569604" x="-0.951611" z="-0.795736"/>
                <normal y="-1.000000" x="-0.000000" z="-0.000000"/>
                <texcoord u="0.972399" v="0.015220"/>
                <texcoord u="1.098207" v="-0.000485"/>
            </vertex>
            <vertex>
                <position y="-0.569604" x="0.000000" z="-0.795736"/>
                <normal y="-1.000000" x="-0.000000" z="-0.000000"/>
                <texcoord u="0.851508" v="0.015220"/>
                <texcoord u="-0.751099" v="-0.000485"/>
            </vertex>
            <vertex>
                <position y="-0.569605" x="0.000000" z="1.204264"/>
                <normal y="-1.000000" x="-0.000000" z="-0.000000"/>
                <texcoord u="0.851508" v="0.471637"/>
                <texcoord u="-0.751099" v="1.410514"/>
            </vertex>
            <vertex>
                <position y="0.569604" x="0.951610" z="-0.795736"/>
                <normal y="1.000000" x="0.000000" z="0.000000"/>
                <texcoord u="0.972399" v="0.015220"/>
                <texcoord u="1.098206" v="-0.000485"/>
            </vertex>
            <vertex>
                <position y="0.569604" x="0.000000" z="-0.795736"/>
                <normal y="1.000000" x="0.000000" z="0.000000"/>
                <texcoord u="0.851508" v="0.015220"/>
                <texcoord u="-0.751099" v="-0.000485"/>
            </vertex>
            <vertex>
                <position y="0.569604" x="0.000000" z="1.204264"/>
                <normal y="1.000000" x="0.000000" z="0.000000"/>
                <texcoord u="0.851508" v="0.471637"/>
                <texcoord u="-0.751099" v="1.410514"/>
            </vertex>
            <vertex>
                <position y="0.569604" x="0.951610" z="1.204264"/>
                <normal y="1.000000" x="0.000000" z="0.000000"/>
                <texcoord u="0.972399" v="0.471637"/>
                <texcoord u="1.098206" v="1.410514"/>
            </vertex>
            <vertex>
                <position y="0.569604" x="0.000000" z="1.204264"/>
                <normal y="1.000000" x="-0.000000" z="0.000000"/>
                <texcoord u="0.851508" v="0.471637"/>
                <texcoord u="-0.751099" v="1.410514"/>
            </vertex>
            <vertex>
                <position y="0.569604" x="0.000000" z="-0.795736"/>
                <normal y="1.000000" x="-0.000000" z="0.000000"/>
                <texcoord u="0.851508" v="0.015220"/>
                <texcoord u="-0.751099" v="-0.000485"/>
            </vertex>
            <vertex>
                <position y="0.569604" x="-0.951610" z="-0.795736"/>
                <normal y="1.000000" x="-0.000000" z="0.000000"/>
                <texcoord u="0.972399" v="0.015220"/>
                <texcoord u="1.098206" v="-0.000485"/>
            </vertex>
            <vertex>
                <position y="0.569604" x="-0.951610" z="1.204264"/>
                <normal y="1.000000" x="-0.000000" z="0.000000"/>
                <texcoord u="0.972399" v="0.471637"/>
                <texcoord u="1.098206" v="1.410514"/>
            </vertex>
            <vertex>
                <position y="0.569605" x="1.000000" z="-0.795736"/>
                <normal y="1.000000" x="-0.000010" z="0.000000"/>
                <texcoord u="0.978546" v="0.015220"/>
                <texcoord u="1.192244" v="-0.000485"/>
            </vertex>
            <vertex>
                <position y="0.569604" x="0.951610" z="-0.795736"/>
                <normal y="1.000000" x="-0.000010" z="0.000000"/>
                <texcoord u="0.972399" v="0.015220"/>
                <texcoord u="1.098206" v="-0.000485"/>
            </vertex>
            <vertex>
                <position y="0.569604" x="0.951610" z="1.204264"/>
                <normal y="1.000000" x="-0.000010" z="0.000000"/>
                <texcoord u="0.972399" v="0.471637"/>
                <texcoord u="1.098206" v="1.410514"/>
            </vertex>
            <vertex>
                <position y="0.569604" x="1.000000" z="1.204264"/>
                <normal y="1.000000" x="-0.000010" z="0.000000"/>
                <texcoord u="0.978546" v="0.471637"/>
                <texcoord u="1.192244" v="1.410514"/>
            </vertex>
            <vertex>
                <position y="0.569604" x="-0.951610" z="1.204264"/>
                <normal y="1.000000" x="0.000010" z="0.000000"/>
                <texcoord u="0.972399" v="0.471637"/>
                <texcoord u="1.098206" v="1.410514"/>
            </vertex>
            <vertex>
                <position y="0.569604" x="-0.951610" z="-0.795736"/>
                <normal y="1.000000" x="0.000010" z="0.000000"/>
                <texcoord u="0.972399" v="0.015220"/>
                <texcoord u="1.098206" v="-0.000485"/>
            </vertex>
            <vertex>
                <position y="0.569605" x="-1.000000" z="-0.795736"/>
                <normal y="1.000000" x="0.000010" z="0.000000"/>
                <texcoord u="0.978546" v="0.015220"/>
                <texcoord u="1.192244" v="-0.000485"/>
            </vertex>
            <vertex>
                <position y="0.569604" x="-1.000000" z="1.204264"/>
                <normal y="1.000000" x="0.000010" z="0.000000"/>
                <texcoord u="0.978546" v="0.471637"/>
                <texcoord u="1.192244" v="1.410514"/>
            </vertex>
            <vertex>
                <position y="-0.569604" x="0.951611" z="-0.795736"/>
                <normal y="-1.000000" x="0.000003" z="-0.000000"/>
                <texcoord u="0.972399" v="0.015220"/>
                <texcoord u="1.098207" v="-0.000485"/>
            </vertex>
            <vertex>
                <position y="-0.569604" x="1.000000" z="-0.795736"/>
                <normal y="-1.000000" x="0.000003" z="-0.000000"/>
                <texcoord u="0.978546" v="0.015220"/>
                <texcoord u="1.192244" v="-0.000485"/>
            </vertex>
            <vertex>
                <position y="-0.569604" x="1.000000" z="1.204264"/>
                <normal y="-1.000000" x="0.000003" z="-0.000000"/>
                <texcoord u="0.978546" v="0.471637"/>
                <texcoord u="1.192244" v="1.410514"/>
            </vertex>
            <vertex>
                <position y="-0.569604" x="0.951611" z="1.204264"/>
                <normal y="-1.000000" x="0.000003" z="-0.000000"/>
                <texcoord u="0.972399" v="0.471637"/>
                <texcoord u="1.098207" v="1.410514"/>
            </vertex>
            <vertex>
                <position y="-0.569604" x="-1.000000" z="1.204264"/>
                <normal y="-1.000000" x="-0.000003" z="-0.000000"/>
                <texcoord u="0.978546" v="0.471637"/>
                <texcoord u="1.192244" v="1.410514"/>
            </vertex>
            <vertex>
                <position y="-0.569604" x="-1.000000" z="-0.795736"/>
                <normal y="-1.000000" x="-0.000003" z="-0.000000"/>
                <texcoord u="0.978546" v="0.015220"/>
                <texcoord u="1.192244" v="-0.000485"/>
            </vertex>
            <vertex>
                <position y="-0.569604" x="-0.951611" z="-0.795736"/>
                <normal y="-1.000000" x="-0.000003" z="-0.000000"/>
                <texcoord u="0.972399" v="0.015220"/>
                <texcoord u="1.098207" v="-0.000485"/>
            </vertex>
            <vertex>
                <position y="-0.569604" x="-0.951611" z="1.204264"/>
                <normal y="-1.000000" x="-0.000003" z="-0.000000"/>
                <texcoord u="0.972399" v="0.471637"/>
                <texcoord u="1.098207" v="1.410514"/>
            </vertex>
        </vertexbuffer>
    </sharedgeometry>
    <submeshes>
        <submesh usesharedvertices="true" material="archway_rock" use32bitindexes="False">
            <faces count="16">
                <face v1="132" v2="133" v3="134"/>
                <face v1="135" v2="136" v3="137"/>
                <face v1="138" v2="139" v3="140"/>
                <face v1="141" v2="142" v3="143"/>
                <face v1="144" v2="145" v3="146"/>
                <face v1="144" v2="146" v3="147"/>
                <face v1="148" v2="149" v3="150"/>
                <face v1="148" v2="150" v3="151"/>
                <face v1="152" v2="153" v3="154"/>
                <face v1="152" v2="154" v3="155"/>
                <face v1="156" v2="157" v3="158"/>
                <face v1="156" v2="158" v3="159"/>
                <face v1="160" v2="161" v3="162"/>
                <face v1="160" v2="162" v3="163"/>
                <face v1="164" v2="165" v3="166"/>
                <face v1="164" v2="166" v3="167"/>
            </faces>
        </submesh>
        <submesh usesharedvertices="true" material="archway_brick" use32bitindexes="False">
            <faces count="20">
                <face v1="0" v2="1" v3="2"/>
                <face v1="0" v2="2" v3="3"/>
                <face v1="4" v2="5" v3="6"/>
                <face v1="4" v2="6" v3="7"/>
                <face v1="168" v2="169" v3="170"/>
                <face v1="168" v2="170" v3="171"/>
                <face v1="172" v2="173" v3="174"/>
                <face v1="172" v2="174" v3="175"/>
                <face v1="176" v2="177" v3="178"/>
                <face v1="176" v2="178" v3="179"/>
                <face v1="180" v2="181" v3="182"/>
                <face v1="180" v2="182" v3="183"/>
                <face v1="184" v2="185" v3="186"/>
                <face v1="184" v2="186" v3="187"/>
                <face v1="188" v2="189" v3="190"/>
                <face v1="188" v2="190" v3="191"/>
                <face v1="192" v2="193" v3="194"/>
                <face v1="192" v2="194" v3="195"/>
                <face v1="196" v2="197" v3="198"/>
                <face v1="196" v2="198" v3="199"/>
            </faces>
        </submesh>
        <submesh usesharedvertices="true" material="archway_siding_star" use32bitindexes="False">
            <faces count="16">
                <face v1="8" v2="9" v3="10"/>
                <face v1="8" v2="10" v3="11"/>
                <face v1="12" v2="13" v3="14"/>
                <face v1="12" v2="14" v3="15"/>
                <face v1="16" v2="17" v3="18"/>
                <face v1="16" v2="18" v3="19"/>
                <face v1="20" v2="21" v3="22"/>
                <face v1="20" v2="22" v3="23"/>
                <face v1="116" v2="117" v3="118"/>
                <face v1="116" v2="118" v3="119"/>
                <face v1="120" v2="121" v3="122"/>
                <face v1="120" v2="122" v3="123"/>
                <face v1="124" v2="125" v3="126"/>
                <face v1="124" v2="126" v3="127"/>
                <face v1="128" v2="129" v3="130"/>
                <face v1="128" v2="130" v3="131"/>
            </faces>
        </submesh>
        <submesh usesharedvertices="true" material="archway_siding" use32bitindexes="False">
            <faces count="44">
                <face v1="24" v2="25" v3="26"/>
                <face v1="27" v2="28" v3="29"/>
                <face v1="30" v2="31" v3="32"/>
                <face v1="30" v2="32" v3="33"/>
                <face v1="34" v2="35" v3="36"/>
                <face v1="34" v2="36" v3="37"/>
                <face v1="38" v2="39" v3="40"/>
                <face v1="38" v2="40" v3="41"/>
                <face v1="42" v2="43" v3="44"/>
                <face v1="42" v2="44" v3="45"/>
                <face v1="46" v2="47" v3="48"/>
                <face v1="46" v2="48" v3="49"/>
                <face v1="50" v2="51" v3="52"/>
                <face v1="50" v2="52" v3="53"/>
                <face v1="54" v2="55" v3="56"/>
                <face v1="54" v2="56" v3="57"/>
                <face v1="58" v2="59" v3="60"/>
                <face v1="58" v2="60" v3="61"/>
                <face v1="62" v2="63" v3="64"/>
                <face v1="62" v2="64" v3="65"/>
                <face v1="66" v2="67" v3="68"/>
                <face v1="66" v2="68" v3="69"/>
                <face v1="70" v2="71" v3="72"/>
                <face v1="70" v2="72" v3="73"/>
                <face v1="74" v2="75" v3="76"/>
                <face v1="74" v2="76" v3="77"/>
                <face v1="78" v2="79" v3="80"/>
                <face v1="78" v2="80" v3="81"/>
                <face v1="82" v2="83" v3="84"/>
                <face v1="82" v2="84" v3="85"/>
                <face v1="86" v2="87" v3="88"/>
                <face v1="86" v2="88" v3="89"/>
                <face v1="90" v2="91" v3="92"/>
                <face v1="90" v2="92" v3="93"/>
                <face v1="94" v2="95" v3="96"/>
                <face v1="94" v2="96" v3="97"/>
                <face v1="98" v2="99" v3="100"/>
                <face v1="98" v2="100" v3="101"/>
                <face v1="102" v2="103" v3="104"/>
                <face v1="102" v2="104" v3="105"/>
                <face v1="106" v2="107" v3="108"/>
                <face v1="106" v2="108" v3="109"/>
                <face v1="110" v2="111" v3="112"/>
                <face v1="113" v2="114" v3="115"/>
            </faces>
        </submesh>
    </submeshes>
</mesh>