<?xml version="1.0" encoding="UTF-8"?>
<mesh>
    <sharedgeometry vertexcount="160">
        <vertexbuffer texture_coords="2" positions="true" colours_diffuse="False" normals="true">
            <vertex>
                <position y="-0.461006" x="0.000000" z="-1.111612"/>
                <normal y="0.000000" x="-0.000000" z="-1.000000"/>
                <texcoord u="0.041768" v="0.698379"/>
                <texcoord u="0.370744" v="0.359416"/>
            </vertex>
            <vertex>
                <position y="-0.461006" x="-1.000000" z="-1.111611"/>
                <normal y="0.000000" x="-0.000000" z="-1.000000"/>
                <texcoord u="0.485819" v="0.698379"/>
                <texcoord u="0.449156" v="0.359416"/>
            </vertex>
            <vertex>
                <position y="0.461007" x="-1.000000" z="-1.111611"/>
                <normal y="0.000000" x="-0.000000" z="-1.000000"/>
                <texcoord u="0.485819" v="0.576781"/>
                <texcoord u="0.449156" v="0.321051"/>
            </vertex>
            <vertex>
                <position y="0.461007" x="0.000000" z="-1.111612"/>
                <normal y="0.000000" x="-0.000000" z="-1.000000"/>
                <texcoord u="0.041768" v="0.576781"/>
                <texcoord u="0.370744" v="0.321051"/>
            </vertex>
            <vertex>
                <position y="-0.461006" x="0.000000" z="-1.111612"/>
                <normal y="0.000000" x="0.000000" z="-1.000000"/>
                <texcoord u="0.041768" v="0.698379"/>
                <texcoord u="0.370744" v="0.359416"/>
            </vertex>
            <vertex>
                <position y="0.461007" x="0.000000" z="-1.111612"/>
                <normal y="0.000000" x="0.000000" z="-1.000000"/>
                <texcoord u="0.041768" v="0.576781"/>
                <texcoord u="0.370744" v="0.321051"/>
            </vertex>
            <vertex>
                <position y="0.461007" x="1.000000" z="-1.111611"/>
                <normal y="0.000000" x="0.000000" z="-1.000000"/>
                <texcoord u="0.485819" v="0.576781"/>
                <texcoord u="0.449156" v="0.321051"/>
            </vertex>
            <vertex>
                <position y="-0.461006" x="1.000000" z="-1.111611"/>
                <normal y="0.000000" x="0.000000" z="-1.000000"/>
                <texcoord u="0.485819" v="0.698379"/>
                <texcoord u="0.449156" v="0.359416"/>
            </vertex>
            <vertex>
                <position y="-0.569604" x="-1.000000" z="-0.803467"/>
                <normal y="0.000000" x="-1.000000" z="0.000000"/>
                <texcoord u="0.235528" v="0.526592"/>
                <texcoord u="0.515623" v="0.217985"/>
            </vertex>
            <vertex>
                <position y="0.569605" x="-1.000000" z="-0.803467"/>
                <normal y="0.000000" x="-1.000000" z="0.000000"/>
                <texcoord u="0.058507" v="0.526592"/>
                <texcoord u="0.383331" v="0.217985"/>
            </vertex>
            <vertex>
                <position y="0.616788" x="-1.000000" z="-0.948338"/>
                <normal y="0.000000" x="-1.000000" z="0.000000"/>
                <texcoord u="0.051343" v="0.504081"/>
                <texcoord u="0.377852" v="0.187926"/>
            </vertex>
            <vertex>
                <position y="-0.616787" x="-1.000000" z="-0.948338"/>
                <normal y="0.000000" x="-1.000000" z="0.000000"/>
                <texcoord u="0.243027" v="0.504081"/>
                <texcoord u="0.521102" v="0.187926"/>
            </vertex>
            <vertex>
                <position y="0.616788" x="1.000000" z="-0.948338"/>
                <normal y="-0.000000" x="1.000000" z="-0.000000"/>
                <texcoord u="0.051343" v="0.504081"/>
                <texcoord u="0.377852" v="0.187926"/>
            </vertex>
            <vertex>
                <position y="0.569605" x="1.000000" z="-0.803467"/>
                <normal y="-0.000000" x="1.000000" z="-0.000000"/>
                <texcoord u="0.058507" v="0.526592"/>
                <texcoord u="0.383331" v="0.217985"/>
            </vertex>
            <vertex>
                <position y="-0.569604" x="1.000000" z="-0.803467"/>
                <normal y="-0.000000" x="1.000000" z="-0.000000"/>
                <texcoord u="0.235528" v="0.526592"/>
                <texcoord u="0.515623" v="0.217985"/>
            </vertex>
            <vertex>
                <position y="-0.616787" x="1.000000" z="-0.948338"/>
                <normal y="-0.000000" x="1.000000" z="-0.000000"/>
                <texcoord u="0.243027" v="0.504081"/>
                <texcoord u="0.521102" v="0.187926"/>
            </vertex>
            <vertex>
                <position y="-0.461006" x="-1.000000" z="-1.111611"/>
                <normal y="0.000000" x="-1.000000" z="-0.000002"/>
                <texcoord u="0.218821" v="0.478839"/>
                <texcoord u="0.503012" v="0.154049"/>
            </vertex>
            <vertex>
                <position y="-0.616787" x="-1.000000" z="-0.948338"/>
                <normal y="0.000000" x="-1.000000" z="-0.000002"/>
                <texcoord u="0.243027" v="0.504081"/>
                <texcoord u="0.521102" v="0.187926"/>
            </vertex>
            <vertex>
                <position y="0.616788" x="-1.000000" z="-0.948338"/>
                <normal y="0.000000" x="-1.000000" z="-0.000002"/>
                <texcoord u="0.051343" v="0.504081"/>
                <texcoord u="0.377852" v="0.187926"/>
            </vertex>
            <vertex>
                <position y="0.461007" x="-1.000000" z="-1.111611"/>
                <normal y="0.000000" x="-1.000000" z="-0.000002"/>
                <texcoord u="0.075550" v="0.478839"/>
                <texcoord u="0.395942" v="0.154049"/>
            </vertex>
            <vertex>
                <position y="-0.461006" x="1.000000" z="-1.111611"/>
                <normal y="0.000000" x="1.000000" z="-0.000002"/>
                <texcoord u="0.218821" v="0.478839"/>
                <texcoord u="0.503012" v="0.154049"/>
            </vertex>
            <vertex>
                <position y="0.461007" x="1.000000" z="-1.111611"/>
                <normal y="0.000000" x="1.000000" z="-0.000002"/>
                <texcoord u="0.075550" v="0.478839"/>
                <texcoord u="0.395942" v="0.154049"/>
            </vertex>
            <vertex>
                <position y="0.616788" x="1.000000" z="-0.948338"/>
                <normal y="0.000000" x="1.000000" z="-0.000002"/>
                <texcoord u="0.051343" v="0.504081"/>
                <texcoord u="0.377852" v="0.187926"/>
            </vertex>
            <vertex>
                <position y="-0.616787" x="1.000000" z="-0.948338"/>
                <normal y="0.000000" x="1.000000" z="-0.000002"/>
                <texcoord u="0.243027" v="0.504081"/>
                <texcoord u="0.521102" v="0.187926"/>
            </vertex>
            <vertex>
                <position y="0.616788" x="-1.000000" z="-1.111612"/>
                <normal y="-0.000002" x="-1.000000" z="-0.000000"/>
                <texcoord u="0.051343" v="0.478839"/>
                <texcoord u="0.377852" v="0.133220"/>
            </vertex>
            <vertex>
                <position y="0.461007" x="-1.000000" z="-1.111611"/>
                <normal y="-0.000002" x="-1.000000" z="-0.000000"/>
                <texcoord u="0.075550" v="0.478839"/>
                <texcoord u="0.395942" v="0.133220"/>
            </vertex>
            <vertex>
                <position y="0.616788" x="-1.000000" z="-0.948338"/>
                <normal y="-0.000002" x="-1.000000" z="-0.000000"/>
                <texcoord u="0.051343" v="0.504081"/>
                <texcoord u="0.377852" v="0.187926"/>
            </vertex>
            <vertex>
                <position y="0.616788" x="1.000000" z="-0.948338"/>
                <normal y="-0.000002" x="1.000000" z="-0.000000"/>
                <texcoord u="0.051343" v="0.504081"/>
                <texcoord u="0.377852" v="0.187926"/>
            </vertex>
            <vertex>
                <position y="0.461007" x="1.000000" z="-1.111611"/>
                <normal y="-0.000002" x="1.000000" z="-0.000000"/>
                <texcoord u="0.075550" v="0.478839"/>
                <texcoord u="0.395942" v="0.133220"/>
            </vertex>
            <vertex>
                <position y="0.616788" x="1.000000" z="-1.111612"/>
                <normal y="-0.000002" x="1.000000" z="-0.000000"/>
                <texcoord u="0.051343" v="0.478839"/>
                <texcoord u="0.377852" v="0.133220"/>
            </vertex>
            <vertex>
                <position y="-0.461006" x="-1.000000" z="-1.111611"/>
                <normal y="0.000002" x="-1.000000" z="-0.000000"/>
                <texcoord u="0.218821" v="0.478839"/>
                <texcoord u="0.503012" v="0.133220"/>
            </vertex>
            <vertex>
                <position y="-0.616787" x="-1.000000" z="-1.111612"/>
                <normal y="0.000002" x="-1.000000" z="-0.000000"/>
                <texcoord u="0.243027" v="0.478839"/>
                <texcoord u="0.521102" v="0.133220"/>
            </vertex>
            <vertex>
                <position y="-0.616787" x="-1.000000" z="-0.948338"/>
                <normal y="0.000002" x="-1.000000" z="-0.000000"/>
                <texcoord u="0.243027" v="0.504081"/>
                <texcoord u="0.521102" v="0.187926"/>
            </vertex>
            <vertex>
                <position y="-0.616787" x="1.000000" z="-0.948338"/>
                <normal y="0.000002" x="1.000000" z="-0.000000"/>
                <texcoord u="0.243027" v="0.504081"/>
                <texcoord u="0.521102" v="0.187926"/>
            </vertex>
            <vertex>
                <position y="-0.616787" x="1.000000" z="-1.111612"/>
                <normal y="0.000002" x="1.000000" z="-0.000000"/>
                <texcoord u="0.243027" v="0.478839"/>
                <texcoord u="0.521102" v="0.133220"/>
            </vertex>
            <vertex>
                <position y="-0.461006" x="1.000000" z="-1.111611"/>
                <normal y="0.000002" x="1.000000" z="-0.000000"/>
                <texcoord u="0.218821" v="0.478839"/>
                <texcoord u="0.503012" v="0.133220"/>
            </vertex>
            <vertex>
                <position y="0.616787" x="0.000000" z="-0.948338"/>
                <normal y="1.000000" x="0.000000" z="0.000000"/>
                <texcoord u="0.543759" v="0.680508"/>
                <texcoord u="-2.926507" v="0.790894"/>
            </vertex>
            <vertex>
                <position y="0.616788" x="0.000000" z="-1.211995"/>
                <normal y="1.000000" x="0.000000" z="0.000000"/>
                <texcoord u="0.543759" v="0.639549"/>
                <texcoord u="-2.926507" v="0.078511"/>
            </vertex>
            <vertex>
                <position y="0.616788" x="-0.951610" z="-1.211995"/>
                <normal y="1.000000" x="0.000000" z="0.000000"/>
                <texcoord u="0.966190" v="0.639549"/>
                <texcoord u="3.615443" v="0.078511"/>
            </vertex>
            <vertex>
                <position y="0.616787" x="-0.951610" z="-0.948338"/>
                <normal y="1.000000" x="0.000000" z="0.000000"/>
                <texcoord u="0.965779" v="0.680508"/>
                <texcoord u="3.609074" v="0.790894"/>
            </vertex>
            <vertex>
                <position y="0.616788" x="0.951610" z="-1.211995"/>
                <normal y="1.000000" x="-0.000000" z="0.000000"/>
                <texcoord u="0.966190" v="0.639549"/>
                <texcoord u="3.615443" v="0.078511"/>
            </vertex>
            <vertex>
                <position y="0.616788" x="0.000000" z="-1.211995"/>
                <normal y="1.000000" x="-0.000000" z="0.000000"/>
                <texcoord u="0.543759" v="0.639549"/>
                <texcoord u="-2.926507" v="0.078511"/>
            </vertex>
            <vertex>
                <position y="0.616787" x="0.000000" z="-0.948338"/>
                <normal y="1.000000" x="-0.000000" z="0.000000"/>
                <texcoord u="0.543759" v="0.680508"/>
                <texcoord u="-2.926507" v="0.790894"/>
            </vertex>
            <vertex>
                <position y="0.616787" x="0.951610" z="-0.948338"/>
                <normal y="1.000000" x="-0.000000" z="0.000000"/>
                <texcoord u="0.965779" v="0.680508"/>
                <texcoord u="3.609074" v="0.790894"/>
            </vertex>
            <vertex>
                <position y="0.616787" x="-0.951610" z="-0.948338"/>
                <normal y="1.000000" x="0.000004" z="0.000000"/>
                <texcoord u="0.965779" v="0.680508"/>
                <texcoord u="3.609074" v="0.790894"/>
            </vertex>
            <vertex>
                <position y="0.616788" x="-0.951610" z="-1.211995"/>
                <normal y="1.000000" x="0.000004" z="0.000000"/>
                <texcoord u="0.966190" v="0.639549"/>
                <texcoord u="3.615443" v="0.078511"/>
            </vertex>
            <vertex>
                <position y="0.616788" x="-1.000000" z="-1.111612"/>
                <normal y="1.000000" x="0.000004" z="0.000000"/>
                <texcoord u="0.987811" v="0.639549"/>
                <texcoord u="3.950271" v="0.307388"/>
            </vertex>
            <vertex>
                <position y="0.616788" x="-1.000000" z="-0.948338"/>
                <normal y="1.000000" x="0.000004" z="0.000000"/>
                <texcoord u="0.987811" v="0.680508"/>
                <texcoord u="3.950271" v="0.790894"/>
            </vertex>
            <vertex>
                <position y="0.616788" x="1.000000" z="-1.111612"/>
                <normal y="1.000000" x="-0.000004" z="0.000000"/>
                <texcoord u="0.987811" v="0.639549"/>
                <texcoord u="3.950271" v="0.307388"/>
            </vertex>
            <vertex>
                <position y="0.616788" x="0.951610" z="-1.211995"/>
                <normal y="1.000000" x="-0.000004" z="0.000000"/>
                <texcoord u="0.966190" v="0.639549"/>
                <texcoord u="3.615443" v="0.078511"/>
            </vertex>
            <vertex>
                <position y="0.616787" x="0.951610" z="-0.948338"/>
                <normal y="1.000000" x="-0.000004" z="0.000000"/>
                <texcoord u="0.965779" v="0.680508"/>
                <texcoord u="3.609074" v="0.790894"/>
            </vertex>
            <vertex>
                <position y="0.616788" x="1.000000" z="-0.948338"/>
                <normal y="1.000000" x="-0.000004" z="0.000000"/>
                <texcoord u="0.987811" v="0.680508"/>
                <texcoord u="3.950271" v="0.790894"/>
            </vertex>
            <vertex>
                <position y="0.461006" x="-0.951610" z="-1.211995"/>
                <normal y="-1.000000" x="-0.000014" z="-0.000000"/>
                <texcoord u="0.966190" v="0.601917"/>
                <texcoord u="3.615443" v="0.818679"/>
            </vertex>
            <vertex>
                <position y="0.461006" x="-0.951610" z="-1.111611"/>
                <normal y="-1.000000" x="-0.000014" z="-0.000000"/>
                <texcoord u="0.965779" v="0.561773"/>
                <texcoord u="3.609074" v="0.593692"/>
            </vertex>
            <vertex>
                <position y="0.461007" x="-1.000000" z="-1.111611"/>
                <normal y="-1.000000" x="-0.000014" z="-0.000000"/>
                <texcoord u="0.987811" v="0.561773"/>
                <texcoord u="3.950271" v="0.593692"/>
            </vertex>
            <vertex>
                <position y="0.461007" x="1.000000" z="-1.111611"/>
                <normal y="-1.000000" x="0.000014" z="-0.000000"/>
                <texcoord u="0.987811" v="0.561773"/>
                <texcoord u="3.950271" v="0.593692"/>
            </vertex>
            <vertex>
                <position y="0.461006" x="0.951610" z="-1.111611"/>
                <normal y="-1.000000" x="0.000014" z="-0.000000"/>
                <texcoord u="0.965779" v="0.561773"/>
                <texcoord u="3.609074" v="0.593692"/>
            </vertex>
            <vertex>
                <position y="0.461006" x="0.951610" z="-1.211995"/>
                <normal y="-1.000000" x="0.000014" z="-0.000000"/>
                <texcoord u="0.966190" v="0.601917"/>
                <texcoord u="3.615443" v="0.818679"/>
            </vertex>
            <vertex>
                <position y="0.461006" x="0.000000" z="-1.211995"/>
                <normal y="-1.000000" x="0.000000" z="0.000003"/>
                <texcoord u="0.543759" v="0.601917"/>
                <texcoord u="-2.926507" v="0.818679"/>
            </vertex>
            <vertex>
                <position y="0.461007" x="0.000000" z="-1.111612"/>
                <normal y="-1.000000" x="0.000000" z="0.000003"/>
                <texcoord u="0.543759" v="0.561773"/>
                <texcoord u="-2.926507" v="0.593692"/>
            </vertex>
            <vertex>
                <position y="0.461006" x="-0.951610" z="-1.111611"/>
                <normal y="-1.000000" x="0.000000" z="0.000003"/>
                <texcoord u="0.965779" v="0.561773"/>
                <texcoord u="3.609074" v="0.593692"/>
            </vertex>
            <vertex>
                <position y="0.461006" x="-0.951610" z="-1.211995"/>
                <normal y="-1.000000" x="0.000000" z="0.000003"/>
                <texcoord u="0.966190" v="0.601917"/>
                <texcoord u="3.615443" v="0.818679"/>
            </vertex>
            <vertex>
                <position y="0.461006" x="0.951610" z="-1.111611"/>
                <normal y="-1.000000" x="-0.000000" z="0.000003"/>
                <texcoord u="0.965779" v="0.561773"/>
                <texcoord u="3.609074" v="0.593692"/>
            </vertex>
            <vertex>
                <position y="0.461007" x="0.000000" z="-1.111612"/>
                <normal y="-1.000000" x="-0.000000" z="0.000003"/>
                <texcoord u="0.543759" v="0.561773"/>
                <texcoord u="-2.926507" v="0.593692"/>
            </vertex>
            <vertex>
                <position y="0.461006" x="0.000000" z="-1.211995"/>
                <normal y="-1.000000" x="-0.000000" z="0.000003"/>
                <texcoord u="0.543759" v="0.601917"/>
                <texcoord u="-2.926507" v="0.818679"/>
            </vertex>
            <vertex>
                <position y="0.461006" x="0.951610" z="-1.211995"/>
                <normal y="-1.000000" x="-0.000000" z="0.000003"/>
                <texcoord u="0.966190" v="0.601917"/>
                <texcoord u="3.615443" v="0.818679"/>
            </vertex>
            <vertex>
                <position y="0.616788" x="-0.951610" z="-1.211995"/>
                <normal y="0.000000" x="-0.900800" z="-0.434234"/>
                <texcoord u="0.966190" v="0.639549"/>
                <texcoord u="1.870943" v="0.508716"/>
            </vertex>
            <vertex>
                <position y="0.461006" x="-0.951610" z="-1.211995"/>
                <normal y="0.000000" x="-0.900800" z="-0.434234"/>
                <texcoord u="0.966190" v="0.601917"/>
                <texcoord u="1.870943" v="0.371491"/>
            </vertex>
            <vertex>
                <position y="0.461007" x="-1.000000" z="-1.111611"/>
                <normal y="0.000000" x="-0.900800" z="-0.434234"/>
                <texcoord u="0.987811" v="0.601917"/>
                <texcoord u="1.993976" v="0.371491"/>
            </vertex>
            <vertex>
                <position y="0.616788" x="-1.000000" z="-1.111612"/>
                <normal y="0.000000" x="-0.900800" z="-0.434234"/>
                <texcoord u="0.987811" v="0.639549"/>
                <texcoord u="1.993976" v="0.508716"/>
            </vertex>
            <vertex>
                <position y="0.461007" x="1.000000" z="-1.111611"/>
                <normal y="0.000000" x="0.900800" z="-0.434234"/>
                <texcoord u="0.987811" v="0.601917"/>
                <texcoord u="1.993976" v="0.371491"/>
            </vertex>
            <vertex>
                <position y="0.461006" x="0.951610" z="-1.211995"/>
                <normal y="0.000000" x="0.900800" z="-0.434234"/>
                <texcoord u="0.966190" v="0.601917"/>
                <texcoord u="1.870943" v="0.371491"/>
            </vertex>
            <vertex>
                <position y="0.616788" x="0.951610" z="-1.211995"/>
                <normal y="0.000000" x="0.900800" z="-0.434234"/>
                <texcoord u="0.966190" v="0.639549"/>
                <texcoord u="1.870943" v="0.508716"/>
            </vertex>
            <vertex>
                <position y="0.616788" x="1.000000" z="-1.111612"/>
                <normal y="0.000000" x="0.900800" z="-0.434234"/>
                <texcoord u="0.987811" v="0.639549"/>
                <texcoord u="1.993976" v="0.508716"/>
            </vertex>
            <vertex>
                <position y="0.616788" x="0.000000" z="-1.211995"/>
                <normal y="0.000000" x="-0.000000" z="-1.000000"/>
                <texcoord u="0.543759" v="0.639549"/>
                <texcoord u="-0.532916" v="0.508716"/>
            </vertex>
            <vertex>
                <position y="0.461006" x="0.000000" z="-1.211995"/>
                <normal y="0.000000" x="-0.000000" z="-1.000000"/>
                <texcoord u="0.543759" v="0.601917"/>
                <texcoord u="-0.532916" v="0.371491"/>
            </vertex>
            <vertex>
                <position y="0.461006" x="-0.951610" z="-1.211995"/>
                <normal y="0.000000" x="-0.000000" z="-1.000000"/>
                <texcoord u="0.966190" v="0.601917"/>
                <texcoord u="1.870943" v="0.371491"/>
            </vertex>
            <vertex>
                <position y="0.616788" x="-0.951610" z="-1.211995"/>
                <normal y="0.000000" x="-0.000000" z="-1.000000"/>
                <texcoord u="0.966190" v="0.639549"/>
                <texcoord u="1.870943" v="0.508716"/>
            </vertex>
            <vertex>
                <position y="0.461006" x="0.951610" z="-1.211995"/>
                <normal y="0.000000" x="0.000000" z="-1.000000"/>
                <texcoord u="0.966190" v="0.601917"/>
                <texcoord u="1.870943" v="0.371491"/>
            </vertex>
            <vertex>
                <position y="0.461006" x="0.000000" z="-1.211995"/>
                <normal y="0.000000" x="0.000000" z="-1.000000"/>
                <texcoord u="0.543759" v="0.601917"/>
                <texcoord u="-0.532916" v="0.371491"/>
            </vertex>
            <vertex>
                <position y="0.616788" x="0.000000" z="-1.211995"/>
                <normal y="0.000000" x="0.000000" z="-1.000000"/>
                <texcoord u="0.543759" v="0.639549"/>
                <texcoord u="-0.532916" v="0.508716"/>
            </vertex>
            <vertex>
                <position y="0.616788" x="0.951610" z="-1.211995"/>
                <normal y="0.000000" x="0.000000" z="-1.000000"/>
                <texcoord u="0.966190" v="0.639549"/>
                <texcoord u="1.870943" v="0.508716"/>
            </vertex>
            <vertex>
                <position y="0.616788" x="-1.000000" z="-0.948338"/>
                <normal y="0.950841" x="0.000007" z="0.309678"/>
                <texcoord u="0.987811" v="0.680508"/>
                <texcoord u="3.950271" v="0.449103"/>
            </vertex>
            <vertex>
                <position y="0.569605" x="-1.000000" z="-0.803467"/>
                <normal y="0.950841" x="0.000007" z="0.309678"/>
                <texcoord u="0.987811" v="0.703862"/>
                <texcoord u="3.950271" v="0.855291"/>
            </vertex>
            <vertex>
                <position y="0.569604" x="-0.951610" z="-0.803467"/>
                <normal y="0.950841" x="0.000007" z="0.309678"/>
                <texcoord u="0.967674" v="0.703862"/>
                <texcoord u="3.638429" v="0.855291"/>
            </vertex>
            <vertex>
                <position y="0.616787" x="-0.951610" z="-0.948338"/>
                <normal y="0.950841" x="0.000007" z="0.309678"/>
                <texcoord u="0.965779" v="0.680508"/>
                <texcoord u="3.609074" v="0.449103"/>
            </vertex>
            <vertex>
                <position y="0.569604" x="0.951610" z="-0.803467"/>
                <normal y="0.950841" x="-0.000007" z="0.309678"/>
                <texcoord u="0.967674" v="0.703862"/>
                <texcoord u="3.638429" v="0.855291"/>
            </vertex>
            <vertex>
                <position y="0.569605" x="1.000000" z="-0.803467"/>
                <normal y="0.950841" x="-0.000007" z="0.309678"/>
                <texcoord u="0.987811" v="0.703862"/>
                <texcoord u="3.950271" v="0.855291"/>
            </vertex>
            <vertex>
                <position y="0.616788" x="1.000000" z="-0.948338"/>
                <normal y="0.950841" x="-0.000007" z="0.309678"/>
                <texcoord u="0.987811" v="0.680508"/>
                <texcoord u="3.950271" v="0.449103"/>
            </vertex>
            <vertex>
                <position y="0.616787" x="0.951610" z="-0.948338"/>
                <normal y="0.950841" x="-0.000007" z="0.309678"/>
                <texcoord u="0.965779" v="0.680508"/>
                <texcoord u="3.609074" v="0.449103"/>
            </vertex>
            <vertex>
                <position y="0.616787" x="-0.951610" z="-0.948338"/>
                <normal y="0.950841" x="-0.000000" z="0.309678"/>
                <texcoord u="0.965779" v="0.680508"/>
                <texcoord u="3.609074" v="0.449103"/>
            </vertex>
            <vertex>
                <position y="0.569604" x="-0.951610" z="-0.803467"/>
                <normal y="0.950841" x="-0.000000" z="0.309678"/>
                <texcoord u="0.967674" v="0.703862"/>
                <texcoord u="3.638429" v="0.855291"/>
            </vertex>
            <vertex>
                <position y="0.569605" x="0.000000" z="-0.803467"/>
                <normal y="0.950841" x="-0.000000" z="0.309678"/>
                <texcoord u="0.543759" v="0.703862"/>
                <texcoord u="-2.926507" v="0.855291"/>
            </vertex>
            <vertex>
                <position y="0.616787" x="0.000000" z="-0.948338"/>
                <normal y="0.950841" x="-0.000000" z="0.309678"/>
                <texcoord u="0.543759" v="0.680508"/>
                <texcoord u="-2.926507" v="0.449103"/>
            </vertex>
            <vertex>
                <position y="0.569605" x="0.000000" z="-0.803467"/>
                <normal y="0.950841" x="0.000000" z="0.309678"/>
                <texcoord u="0.543759" v="0.703862"/>
                <texcoord u="-2.926507" v="0.855291"/>
            </vertex>
            <vertex>
                <position y="0.569604" x="0.951610" z="-0.803467"/>
                <normal y="0.950841" x="0.000000" z="0.309678"/>
                <texcoord u="0.967674" v="0.703862"/>
                <texcoord u="3.638429" v="0.855291"/>
            </vertex>
            <vertex>
                <position y="0.616787" x="0.951610" z="-0.948338"/>
                <normal y="0.950841" x="0.000000" z="0.309678"/>
                <texcoord u="0.965779" v="0.680508"/>
                <texcoord u="3.609074" v="0.449103"/>
            </vertex>
            <vertex>
                <position y="0.616787" x="0.000000" z="-0.948338"/>
                <normal y="0.950841" x="0.000000" z="0.309678"/>
                <texcoord u="0.543759" v="0.680508"/>
                <texcoord u="-2.926507" v="0.449103"/>
            </vertex>
            <vertex>
                <position y="-0.569604" x="0.000000" z="-0.803467"/>
                <normal y="-0.950841" x="-0.000000" z="0.309679"/>
                <texcoord u="0.543759" v="0.703929"/>
                <texcoord u="-2.926507" v="0.855291"/>
            </vertex>
            <vertex>
                <position y="-0.569604" x="-0.951611" z="-0.803467"/>
                <normal y="-0.950841" x="-0.000000" z="0.309679"/>
                <texcoord u="0.967674" v="0.703929"/>
                <texcoord u="3.638429" v="0.855291"/>
            </vertex>
            <vertex>
                <position y="-0.616787" x="-0.951610" z="-0.948338"/>
                <normal y="-0.950841" x="-0.000000" z="0.309679"/>
                <texcoord u="0.965779" v="0.680575"/>
                <texcoord u="3.609074" v="0.449103"/>
            </vertex>
            <vertex>
                <position y="-0.616787" x="0.000000" z="-0.948338"/>
                <normal y="-0.950841" x="-0.000000" z="0.309679"/>
                <texcoord u="0.543759" v="0.680575"/>
                <texcoord u="-2.926507" v="0.449103"/>
            </vertex>
            <vertex>
                <position y="-0.616787" x="0.951610" z="-0.948338"/>
                <normal y="-0.950841" x="0.000000" z="0.309679"/>
                <texcoord u="0.965779" v="0.680575"/>
                <texcoord u="3.609074" v="0.449103"/>
            </vertex>
            <vertex>
                <position y="-0.569604" x="0.951611" z="-0.803467"/>
                <normal y="-0.950841" x="0.000000" z="0.309679"/>
                <texcoord u="0.967674" v="0.703929"/>
                <texcoord u="3.638429" v="0.855291"/>
            </vertex>
            <vertex>
                <position y="-0.569604" x="0.000000" z="-0.803467"/>
                <normal y="-0.950841" x="0.000000" z="0.309679"/>
                <texcoord u="0.543759" v="0.703929"/>
                <texcoord u="-2.926507" v="0.855291"/>
            </vertex>
            <vertex>
                <position y="-0.616787" x="0.000000" z="-0.948338"/>
                <normal y="-0.950841" x="0.000000" z="0.309679"/>
                <texcoord u="0.543759" v="0.680575"/>
                <texcoord u="-2.926507" v="0.449103"/>
            </vertex>
            <vertex>
                <position y="-0.569604" x="-0.951611" z="-0.803467"/>
                <normal y="-0.950841" x="-0.000006" z="0.309679"/>
                <texcoord u="0.967674" v="0.703929"/>
                <texcoord u="3.638429" v="0.855291"/>
            </vertex>
            <vertex>
                <position y="-0.569604" x="-1.000000" z="-0.803467"/>
                <normal y="-0.950841" x="-0.000006" z="0.309679"/>
                <texcoord u="0.987811" v="0.703929"/>
                <texcoord u="3.950271" v="0.855291"/>
            </vertex>
            <vertex>
                <position y="-0.616787" x="-1.000000" z="-0.948338"/>
                <normal y="-0.950841" x="-0.000006" z="0.309679"/>
                <texcoord u="0.987811" v="0.680575"/>
                <texcoord u="3.950271" v="0.449103"/>
            </vertex>
            <vertex>
                <position y="-0.616787" x="-0.951610" z="-0.948338"/>
                <normal y="-0.950841" x="-0.000006" z="0.309679"/>
                <texcoord u="0.965779" v="0.680575"/>
                <texcoord u="3.609074" v="0.449103"/>
            </vertex>
            <vertex>
                <position y="-0.616787" x="1.000000" z="-0.948338"/>
                <normal y="-0.950841" x="0.000006" z="0.309679"/>
                <texcoord u="0.987811" v="0.680575"/>
                <texcoord u="3.950271" v="0.449103"/>
            </vertex>
            <vertex>
                <position y="-0.569604" x="1.000000" z="-0.803467"/>
                <normal y="-0.950841" x="0.000006" z="0.309679"/>
                <texcoord u="0.987811" v="0.703929"/>
                <texcoord u="3.950271" v="0.855291"/>
            </vertex>
            <vertex>
                <position y="-0.569604" x="0.951611" z="-0.803467"/>
                <normal y="-0.950841" x="0.000006" z="0.309679"/>
                <texcoord u="0.967674" v="0.703929"/>
                <texcoord u="3.638429" v="0.855291"/>
            </vertex>
            <vertex>
                <position y="-0.616787" x="0.951610" z="-0.948338"/>
                <normal y="-0.950841" x="0.000006" z="0.309679"/>
                <texcoord u="0.965779" v="0.680575"/>
                <texcoord u="3.609074" v="0.449103"/>
            </vertex>
            <vertex>
                <position y="-0.461006" x="-0.951611" z="-1.211995"/>
                <normal y="-0.000000" x="-0.000000" z="-1.000000"/>
                <texcoord u="0.966190" v="0.601985"/>
                <texcoord u="1.870943" v="0.371491"/>
            </vertex>
            <vertex>
                <position y="-0.461006" x="0.000000" z="-1.211995"/>
                <normal y="-0.000000" x="-0.000000" z="-1.000000"/>
                <texcoord u="0.543759" v="0.601985"/>
                <texcoord u="-0.532916" v="0.371491"/>
            </vertex>
            <vertex>
                <position y="-0.616787" x="0.000000" z="-1.211995"/>
                <normal y="-0.000000" x="-0.000000" z="-1.000000"/>
                <texcoord u="0.543759" v="0.639616"/>
                <texcoord u="-0.532916" v="0.508716"/>
            </vertex>
            <vertex>
                <position y="-0.616787" x="-0.951610" z="-1.211995"/>
                <normal y="-0.000000" x="-0.000000" z="-1.000000"/>
                <texcoord u="0.966190" v="0.639616"/>
                <texcoord u="1.870943" v="0.508716"/>
            </vertex>
            <vertex>
                <position y="-0.616787" x="0.000000" z="-1.211995"/>
                <normal y="-0.000000" x="0.000000" z="-1.000000"/>
                <texcoord u="0.543759" v="0.639616"/>
                <texcoord u="-0.532916" v="0.508716"/>
            </vertex>
            <vertex>
                <position y="-0.461006" x="0.000000" z="-1.211995"/>
                <normal y="-0.000000" x="0.000000" z="-1.000000"/>
                <texcoord u="0.543759" v="0.601985"/>
                <texcoord u="-0.532916" v="0.371491"/>
            </vertex>
            <vertex>
                <position y="-0.461006" x="0.951611" z="-1.211995"/>
                <normal y="-0.000000" x="0.000000" z="-1.000000"/>
                <texcoord u="0.966190" v="0.601985"/>
                <texcoord u="1.870943" v="0.371491"/>
            </vertex>
            <vertex>
                <position y="-0.616787" x="0.951610" z="-1.211995"/>
                <normal y="-0.000000" x="0.000000" z="-1.000000"/>
                <texcoord u="0.966190" v="0.639616"/>
                <texcoord u="1.870943" v="0.508716"/>
            </vertex>
            <vertex>
                <position y="-0.461006" x="-1.000000" z="-1.111611"/>
                <normal y="-0.000000" x="-0.900802" z="-0.434231"/>
                <texcoord u="0.987811" v="0.601985"/>
                <texcoord u="1.993976" v="0.371491"/>
            </vertex>
            <vertex>
                <position y="-0.461006" x="-0.951611" z="-1.211995"/>
                <normal y="-0.000000" x="-0.900802" z="-0.434231"/>
                <texcoord u="0.966190" v="0.601985"/>
                <texcoord u="1.870943" v="0.371491"/>
            </vertex>
            <vertex>
                <position y="-0.616787" x="-0.951610" z="-1.211995"/>
                <normal y="-0.000000" x="-0.900802" z="-0.434231"/>
                <texcoord u="0.966190" v="0.639616"/>
                <texcoord u="1.870943" v="0.508716"/>
            </vertex>
            <vertex>
                <position y="-0.616787" x="-1.000000" z="-1.111612"/>
                <normal y="-0.000000" x="-0.900802" z="-0.434231"/>
                <texcoord u="0.987811" v="0.639616"/>
                <texcoord u="1.993976" v="0.508716"/>
            </vertex>
            <vertex>
                <position y="-0.616787" x="0.951610" z="-1.211995"/>
                <normal y="-0.000000" x="0.900802" z="-0.434231"/>
                <texcoord u="0.966190" v="0.639616"/>
                <texcoord u="1.870943" v="0.508716"/>
            </vertex>
            <vertex>
                <position y="-0.461006" x="0.951611" z="-1.211995"/>
                <normal y="-0.000000" x="0.900802" z="-0.434231"/>
                <texcoord u="0.966190" v="0.601985"/>
                <texcoord u="1.870943" v="0.371491"/>
            </vertex>
            <vertex>
                <position y="-0.461006" x="1.000000" z="-1.111611"/>
                <normal y="-0.000000" x="0.900802" z="-0.434231"/>
                <texcoord u="0.987811" v="0.601985"/>
                <texcoord u="1.993976" v="0.371491"/>
            </vertex>
            <vertex>
                <position y="-0.616787" x="1.000000" z="-1.111612"/>
                <normal y="-0.000000" x="0.900802" z="-0.434231"/>
                <texcoord u="0.987811" v="0.639616"/>
                <texcoord u="1.993976" v="0.508716"/>
            </vertex>
            <vertex>
                <position y="-0.461006" x="-0.951611" z="-1.111611"/>
                <normal y="1.000000" x="-0.000000" z="-0.000001"/>
                <texcoord u="0.965779" v="0.561840"/>
                <texcoord u="3.609074" v="0.593692"/>
            </vertex>
            <vertex>
                <position y="-0.461006" x="0.000000" z="-1.111612"/>
                <normal y="1.000000" x="-0.000000" z="-0.000001"/>
                <texcoord u="0.543759" v="0.561840"/>
                <texcoord u="-2.926507" v="0.593692"/>
            </vertex>
            <vertex>
                <position y="-0.461006" x="0.000000" z="-1.211995"/>
                <normal y="1.000000" x="-0.000000" z="-0.000001"/>
                <texcoord u="0.543759" v="0.601985"/>
                <texcoord u="-2.926507" v="0.818679"/>
            </vertex>
            <vertex>
                <position y="-0.461006" x="-0.951611" z="-1.211995"/>
                <normal y="1.000000" x="-0.000000" z="-0.000001"/>
                <texcoord u="0.966190" v="0.601985"/>
                <texcoord u="3.615443" v="0.818679"/>
            </vertex>
            <vertex>
                <position y="-0.461006" x="0.000000" z="-1.211995"/>
                <normal y="1.000000" x="0.000000" z="-0.000001"/>
                <texcoord u="0.543759" v="0.601985"/>
                <texcoord u="-2.926507" v="0.818679"/>
            </vertex>
            <vertex>
                <position y="-0.461006" x="0.000000" z="-1.111612"/>
                <normal y="1.000000" x="0.000000" z="-0.000001"/>
                <texcoord u="0.543759" v="0.561840"/>
                <texcoord u="-2.926507" v="0.593692"/>
            </vertex>
            <vertex>
                <position y="-0.461006" x="0.951611" z="-1.111611"/>
                <normal y="1.000000" x="0.000000" z="-0.000001"/>
                <texcoord u="0.965779" v="0.561840"/>
                <texcoord u="3.609074" v="0.593692"/>
            </vertex>
            <vertex>
                <position y="-0.461006" x="0.951611" z="-1.211995"/>
                <normal y="1.000000" x="0.000000" z="-0.000001"/>
                <texcoord u="0.966190" v="0.601985"/>
                <texcoord u="3.615443" v="0.818679"/>
            </vertex>
            <vertex>
                <position y="-0.461006" x="-1.000000" z="-1.111611"/>
                <normal y="1.000000" x="0.000009" z="-0.000000"/>
                <texcoord u="0.987811" v="0.561840"/>
                <texcoord u="3.950271" v="0.593692"/>
            </vertex>
            <vertex>
                <position y="-0.461006" x="-0.951611" z="-1.111611"/>
                <normal y="1.000000" x="0.000009" z="-0.000000"/>
                <texcoord u="0.965779" v="0.561840"/>
                <texcoord u="3.609074" v="0.593692"/>
            </vertex>
            <vertex>
                <position y="-0.461006" x="-0.951611" z="-1.211995"/>
                <normal y="1.000000" x="0.000009" z="-0.000000"/>
                <texcoord u="0.966190" v="0.601985"/>
                <texcoord u="3.615443" v="0.818679"/>
            </vertex>
            <vertex>
                <position y="-0.461006" x="0.951611" z="-1.211995"/>
                <normal y="1.000000" x="-0.000009" z="-0.000000"/>
                <texcoord u="0.966190" v="0.601985"/>
                <texcoord u="3.615443" v="0.818679"/>
            </vertex>
            <vertex>
                <position y="-0.461006" x="0.951611" z="-1.111611"/>
                <normal y="1.000000" x="-0.000009" z="-0.000000"/>
                <texcoord u="0.965779" v="0.561840"/>
                <texcoord u="3.609074" v="0.593692"/>
            </vertex>
            <vertex>
                <position y="-0.461006" x="1.000000" z="-1.111611"/>
                <normal y="1.000000" x="-0.000009" z="-0.000000"/>
                <texcoord u="0.987811" v="0.561840"/>
                <texcoord u="3.950271" v="0.593692"/>
            </vertex>
            <vertex>
                <position y="-0.616787" x="-1.000000" z="-1.111612"/>
                <normal y="-1.000000" x="-0.000010" z="-0.000000"/>
                <texcoord u="0.987811" v="0.639616"/>
                <texcoord u="3.950271" v="0.307388"/>
            </vertex>
            <vertex>
                <position y="-0.616787" x="-0.951610" z="-1.211995"/>
                <normal y="-1.000000" x="-0.000010" z="-0.000000"/>
                <texcoord u="0.966190" v="0.639616"/>
                <texcoord u="3.615443" v="0.078511"/>
            </vertex>
            <vertex>
                <position y="-0.616787" x="-0.951610" z="-0.948338"/>
                <normal y="-1.000000" x="-0.000010" z="-0.000000"/>
                <texcoord u="0.965779" v="0.680575"/>
                <texcoord u="3.609074" v="0.790894"/>
            </vertex>
            <vertex>
                <position y="-0.616787" x="-1.000000" z="-0.948338"/>
                <normal y="-1.000000" x="-0.000010" z="-0.000000"/>
                <texcoord u="0.987811" v="0.680575"/>
                <texcoord u="3.950271" v="0.790894"/>
            </vertex>
            <vertex>
                <position y="-0.616787" x="0.951610" z="-0.948338"/>
                <normal y="-1.000000" x="0.000010" z="-0.000000"/>
                <texcoord u="0.965779" v="0.680575"/>
                <texcoord u="3.609074" v="0.790894"/>
            </vertex>
            <vertex>
                <position y="-0.616787" x="0.951610" z="-1.211995"/>
                <normal y="-1.000000" x="0.000010" z="-0.000000"/>
                <texcoord u="0.966190" v="0.639616"/>
                <texcoord u="3.615443" v="0.078511"/>
            </vertex>
            <vertex>
                <position y="-0.616787" x="1.000000" z="-1.111612"/>
                <normal y="-1.000000" x="0.000010" z="-0.000000"/>
                <texcoord u="0.987811" v="0.639616"/>
                <texcoord u="3.950271" v="0.307388"/>
            </vertex>
            <vertex>
                <position y="-0.616787" x="1.000000" z="-0.948338"/>
                <normal y="-1.000000" x="0.000010" z="-0.000000"/>
                <texcoord u="0.987811" v="0.680575"/>
                <texcoord u="3.950271" v="0.790894"/>
            </vertex>
            <vertex>
                <position y="-0.616787" x="-0.951610" z="-1.211995"/>
                <normal y="-1.000000" x="-0.000000" z="-0.000000"/>
                <texcoord u="0.966190" v="0.639616"/>
                <texcoord u="3.615443" v="0.078511"/>
            </vertex>
            <vertex>
                <position y="-0.616787" x="0.000000" z="-1.211995"/>
                <normal y="-1.000000" x="-0.000000" z="-0.000000"/>
                <texcoord u="0.543759" v="0.639616"/>
                <texcoord u="-2.926507" v="0.078511"/>
            </vertex>
            <vertex>
                <position y="-0.616787" x="0.000000" z="-0.948338"/>
                <normal y="-1.000000" x="-0.000000" z="-0.000000"/>
                <texcoord u="0.543759" v="0.680575"/>
                <texcoord u="-2.926507" v="0.790894"/>
            </vertex>
            <vertex>
                <position y="-0.616787" x="-0.951610" z="-0.948338"/>
                <normal y="-1.000000" x="-0.000000" z="-0.000000"/>
                <texcoord u="0.965779" v="0.680575"/>
                <texcoord u="3.609074" v="0.790894"/>
            </vertex>
            <vertex>
                <position y="-0.616787" x="0.000000" z="-0.948338"/>
                <normal y="-1.000000" x="0.000000" z="-0.000000"/>
                <texcoord u="0.543759" v="0.680575"/>
                <texcoord u="-2.926507" v="0.790894"/>
            </vertex>
            <vertex>
                <position y="-0.616787" x="0.000000" z="-1.211995"/>
                <normal y="-1.000000" x="0.000000" z="-0.000000"/>
                <texcoord u="0.543759" v="0.639616"/>
                <texcoord u="-2.926507" v="0.078511"/>
            </vertex>
            <vertex>
                <position y="-0.616787" x="0.951610" z="-1.211995"/>
                <normal y="-1.000000" x="0.000000" z="-0.000000"/>
                <texcoord u="0.966190" v="0.639616"/>
                <texcoord u="3.615443" v="0.078511"/>
            </vertex>
            <vertex>
                <position y="-0.616787" x="0.951610" z="-0.948338"/>
                <normal y="-1.000000" x="0.000000" z="-0.000000"/>
                <texcoord u="0.965779" v="0.680575"/>
                <texcoord u="3.609074" v="0.790894"/>
            </vertex>
        </vertexbuffer>
    </sharedgeometry>
    <submeshes>
        <submesh usesharedvertices="true" material="archway_rock" use32bitindexes="False">
            <faces count="16">
                <face v1="0" v2="1" v3="2"/>
                <face v1="0" v2="2" v3="3"/>
                <face v1="4" v2="5" v3="6"/>
                <face v1="4" v2="6" v3="7"/>
                <face v1="8" v2="9" v3="10"/>
                <face v1="8" v2="10" v3="11"/>
                <face v1="12" v2="13" v3="14"/>
                <face v1="12" v2="14" v3="15"/>
                <face v1="16" v2="17" v3="18"/>
                <face v1="16" v2="18" v3="19"/>
                <face v1="20" v2="21" v3="22"/>
                <face v1="20" v2="22" v3="23"/>
                <face v1="24" v2="25" v3="26"/>
                <face v1="27" v2="28" v3="29"/>
                <face v1="30" v2="31" v3="32"/>
                <face v1="33" v2="34" v3="35"/>
            </faces>
        </submesh>
        <submesh usesharedvertices="true" material="archway_siding_star" use32bitindexes="False">
            <faces count="16">
                <face v1="36" v2="37" v3="38"/>
                <face v1="36" v2="38" v3="39"/>
                <face v1="40" v2="41" v3="42"/>
                <face v1="40" v2="42" v3="43"/>
                <face v1="44" v2="45" v3="46"/>
                <face v1="44" v2="46" v3="47"/>
                <face v1="48" v2="49" v3="50"/>
                <face v1="48" v2="50" v3="51"/>
                <face v1="144" v2="145" v3="146"/>
                <face v1="144" v2="146" v3="147"/>
                <face v1="148" v2="149" v3="150"/>
                <face v1="148" v2="150" v3="151"/>
                <face v1="152" v2="153" v3="154"/>
                <face v1="152" v2="154" v3="155"/>
                <face v1="156" v2="157" v3="158"/>
                <face v1="156" v2="158" v3="159"/>
            </faces>
        </submesh>
        <submesh usesharedvertices="true" material="archway_siding" use32bitindexes="False">
            <faces count="44">
                <face v1="52" v2="53" v3="54"/>
                <face v1="55" v2="56" v3="57"/>
                <face v1="58" v2="59" v3="60"/>
                <face v1="58" v2="60" v3="61"/>
                <face v1="62" v2="63" v3="64"/>
                <face v1="62" v2="64" v3="65"/>
                <face v1="66" v2="67" v3="68"/>
                <face v1="66" v2="68" v3="69"/>
                <face v1="70" v2="71" v3="72"/>
                <face v1="70" v2="72" v3="73"/>
                <face v1="74" v2="75" v3="76"/>
                <face v1="74" v2="76" v3="77"/>
                <face v1="78" v2="79" v3="80"/>
                <face v1="78" v2="80" v3="81"/>
                <face v1="82" v2="83" v3="84"/>
                <face v1="82" v2="84" v3="85"/>
                <face v1="86" v2="87" v3="88"/>
                <face v1="86" v2="88" v3="89"/>
                <face v1="90" v2="91" v3="92"/>
                <face v1="90" v2="92" v3="93"/>
                <face v1="94" v2="95" v3="96"/>
                <face v1="94" v2="96" v3="97"/>
                <face v1="98" v2="99" v3="100"/>
                <face v1="98" v2="100" v3="101"/>
                <face v1="102" v2="103" v3="104"/>
                <face v1="102" v2="104" v3="105"/>
                <face v1="106" v2="107" v3="108"/>
                <face v1="106" v2="108" v3="109"/>
                <face v1="110" v2="111" v3="112"/>
                <face v1="110" v2="112" v3="113"/>
                <face v1="114" v2="115" v3="116"/>
                <face v1="114" v2="116" v3="117"/>
                <face v1="118" v2="119" v3="120"/>
                <face v1="118" v2="120" v3="121"/>
                <face v1="122" v2="123" v3="124"/>
                <face v1="122" v2="124" v3="125"/>
                <face v1="126" v2="127" v3="128"/>
                <face v1="126" v2="128" v3="129"/>
                <face v1="130" v2="131" v3="132"/>
                <face v1="130" v2="132" v3="133"/>
                <face v1="134" v2="135" v3="136"/>
                <face v1="134" v2="136" v3="137"/>
                <face v1="138" v2="139" v3="140"/>
                <face v1="141" v2="142" v3="143"/>
            </faces>
        </submesh>
    </submeshes>
</mesh>